Date,20E,70E,80E,100E,120E,140E,160E,120W,40W,10W,Year,Month,Value,PosibleNino,PosibleNina,Precipitaciones,Temperaturas,Humedades,Name,AporCaudal
2023-09-01,-0.32,-0.87,-0.7,-0.74,-0.55,-0.09,0.55,0.85,0.77,0.42,2023,9,1.6,1,0,15.6,27.0,96.0,NARE CP,9.801
2023-09-02,-0.32,-0.87,-0.7,-0.74,-0.55,-0.09,0.55,0.85,0.77,0.42,2023,9,1.6,1,0,7.6,22.6,98.0,NARE CP,10.446
2023-09-03,-0.32,-0.87,-0.7,-0.74,-0.55,-0.09,0.55,0.85,0.77,0.42,2023,9,1.6,1,0,15.4,25.2,94.0,NARE CP,10.564
2023-09-04,-0.32,-0.87,-0.7,-0.74,-0.55,-0.09,0.55,0.85,0.77,0.42,2023,9,1.6,1,0,0.0,25.0,95.0,NARE CP,17.857
2023-09-05,-0.32,-0.87,-0.7,-0.74,-0.55,-0.09,0.55,0.85,0.77,0.42,2023,9,1.6,1,0,0.0,26.6,98.0,NARE CP,11.252
2023-09-06,0.54,-0.79,-0.98,-1.49,-1.57,-1.12,0.1,1.17,1.58,1.48,2023,9,1.6,1,0,0.0,26.8,98.0,NARE CP,9.749
2023-09-07,0.54,-0.79,-0.98,-1.49,-1.57,-1.12,0.1,1.17,1.58,1.48,2023,9,1.6,1,0,1.4,26.4,92.0,NARE CP,9.084
2023-09-08,0.54,-0.79,-0.98,-1.49,-1.57,-1.12,0.1,1.17,1.58,1.48,2023,9,1.6,1,0,5.4,25.0,97.0,NARE CP,8.714
2023-09-09,0.54,-0.79,-0.98,-1.49,-1.57,-1.12,0.1,1.17,1.58,1.48,2023,9,1.6,1,0,16.8,25.8,98.0,NARE CP,8.763
2023-09-10,0.54,-0.79,-0.98,-1.49,-1.57,-1.12,0.1,1.17,1.58,1.48,2023,9,1.6,1,0,112.6,25.0,98.0,NARE CP,10.706
2023-09-11,1.02,0.74,0.74,0.11,-0.46,-0.95,-1.03,-0.51,0.08,0.65,2023,9,1.6,1,0,76.8,25.8,98.0,NARE CP,20.856
2023-09-12,1.02,0.74,0.74,0.11,-0.46,-0.95,-1.03,-0.51,0.08,0.65,2023,9,1.6,1,0,24.4,25.4,98.0,NARE CP,12.27
2023-09-13,1.02,0.74,0.74,0.11,-0.46,-0.95,-1.03,-0.51,0.08,0.65,2023,9,1.6,1,0,10.6,25.2,94.0,NARE CP,11.914
2023-09-14,1.02,0.74,0.74,0.11,-0.46,-0.95,-1.03,-0.51,0.08,0.65,2023,9,1.6,1,0,1.6,26.0,98.0,NARE CP,13.507
2023-09-15,1.02,0.74,0.74,0.11,-0.46,-0.95,-1.03,-0.51,0.08,0.65,2023,9,1.6,1,0,0.0,25.6,98.0,NARE CP,10.884
2023-09-16,-0.06,-0.47,-0.42,-0.53,-0.47,-0.21,0.25,0.54,0.57,0.39,2023,9,1.6,1,0,10.6,26.2,98.0,NARE CP,9.837
2023-09-17,-0.06,-0.47,-0.42,-0.53,-0.47,-0.21,0.25,0.54,0.57,0.39,2023,9,1.6,1,0,0.0,24.4,96.0,NARE CP,11.778
2023-09-18,-0.06,-0.47,-0.42,-0.53,-0.47,-0.21,0.25,0.54,0.57,0.39,2023,9,1.6,1,0,4.0,26.2,94.0,NARE CP,10.314
2023-09-19,-0.06,-0.47,-0.42,-0.53,-0.47,-0.21,0.25,0.54,0.57,0.39,2023,9,1.6,1,0,0.0,25.8,96.0,NARE CP,9.384
2023-09-20,-0.06,-0.47,-0.42,-0.53,-0.47,-0.21,0.25,0.54,0.57,0.39,2023,9,1.6,1,0,0.0,26.0,98.0,NARE CP,8.987
2023-09-21,0.23,-0.91,-0.88,-1.32,-1.34,-0.86,0.25,1.15,1.43,1.21,2023,9,1.6,1,0,0.0,26.4,98.0,NARE CP,8.591
2023-09-22,0.23,-0.91,-0.88,-1.32,-1.34,-0.86,0.25,1.15,1.43,1.21,2023,9,1.6,1,0,4.6,27.2,98.0,NARE CP,9.218
2023-09-23,0.23,-0.91,-0.88,-1.32,-1.34,-0.86,0.25,1.15,1.43,1.21,2023,9,1.6,1,0,8.0,26.2,94.0,NARE CP,11.591
2023-09-24,0.23,-0.91,-0.88,-1.32,-1.34,-0.86,0.25,1.15,1.43,1.21,2023,9,1.6,1,0,0.0,25.6,96.0,NARE CP,9.036
2023-09-25,0.23,-0.91,-0.88,-1.32,-1.34,-0.86,0.25,1.15,1.43,1.21,2023,9,1.6,1,0,15.4,26.8,98.0,NARE CP,9.024
2023-09-26,0.85,0.02,0.08,-0.6,-1.04,-1.15,-0.62,0.24,0.83,1.13,2023,9,1.6,1,0,0.0,25.0,98.0,NARE CP,9.274
2023-09-27,0.85,0.02,0.08,-0.6,-1.04,-1.15,-0.62,0.24,0.83,1.13,2023,9,1.6,1,0,3.4,26.0,98.0,NARE CP,8.659
2023-09-28,0.85,0.02,0.08,-0.6,-1.04,-1.15,-0.62,0.24,0.83,1.13,2023,9,1.6,1,0,44.6,25.8,98.0,NARE CP,8.258
2023-09-29,0.85,0.02,0.08,-0.6,-1.04,-1.15,-0.62,0.24,0.83,1.13,2023,9,1.6,1,0,5.8,25.4,98.0,NARE CP,8.951
2023-09-30,0.85,0.02,0.08,-0.6,-1.04,-1.15,-0.62,0.24,0.83,1.13,2023,9,1.6,1,0,25.0,27.0,96.43,NARE CP,9.031
2023-10-01,1.47,2.37,2.24,1.75,0.82,-0.61,-2.08,-2.26,-1.58,-0.34,2023,10,1.8,1,0,5.8,26.0,96.0,NARE CP,12.841
2023-10-02,1.47,2.37,2.24,1.75,0.82,-0.61,-2.08,-2.26,-1.58,-0.34,2023,10,1.8,1,0,14.8,25.8,98.0,NARE CP,10.51
2023-10-03,1.47,2.37,2.24,1.75,0.82,-0.61,-2.08,-2.26,-1.58,-0.34,2023,10,1.8,1,0,13.6,25.6,91.0,NARE CP,10.516
2023-10-04,1.47,2.37,2.24,1.75,0.82,-0.61,-2.08,-2.26,-1.58,-0.34,2023,10,1.8,1,0,25.6,24.0,98.0,NARE CP,13.917
2023-10-05,1.47,2.37,2.24,1.75,0.82,-0.61,-2.08,-2.26,-1.58,-0.34,2023,10,1.8,1,0,11.6,24.8,97.0,NARE CP,17.833
2023-10-06,-0.93,-0.1,0.46,0.81,1.01,0.97,0.4,-0.34,-0.81,-1.09,2023,10,1.8,1,0,55.4,25.0,96.0,NARE CP,14.43
2023-10-07,-0.93,-0.1,0.46,0.81,1.01,0.97,0.4,-0.34,-0.81,-1.09,2023,10,1.8,1,0,26.2,26.2,96.0,NARE CP,17.252
2023-10-08,-0.93,-0.1,0.46,0.81,1.01,0.97,0.4,-0.34,-0.81,-1.09,2023,10,1.8,1,0,2.4,25.6,98.0,NARE CP,33.019
2023-10-09,-0.93,-0.1,0.46,0.81,1.01,0.97,0.4,-0.34,-0.81,-1.09,2023,10,1.8,1,0,3.2,26.4,96.0,NARE CP,15.803
2023-10-10,-0.93,-0.1,0.46,0.81,1.01,0.97,0.4,-0.34,-0.81,-1.09,2023,10,1.8,1,0,2.2,25.0,98.0,NARE CP,12.31
2023-10-11,0.21,0.71,0.91,0.83,0.57,0.09,-0.55,-0.81,-0.72,-0.4,2023,10,1.8,1,0,0.0,25.4,98.0,NARE CP,11.252
2023-10-12,0.21,0.71,0.91,0.83,0.57,0.09,-0.55,-0.81,-0.72,-0.4,2023,10,1.8,1,0,4.0,26.2,98.0,NARE CP,10.494
2023-10-13,0.21,0.71,0.91,0.83,0.57,0.09,-0.55,-0.81,-0.72,-0.4,2023,10,1.8,1,0,20.6,26.6,89.0,NARE CP,12.113
2023-10-14,0.21,0.71,0.91,0.83,0.57,0.09,-0.55,-0.81,-0.72,-0.4,2023,10,1.8,1,0,0.0,25.0,90.0,NARE CP,12.711
2023-10-15,0.21,0.71,0.91,0.83,0.57,0.09,-0.55,-0.81,-0.72,-0.4,2023,10,1.8,1,0,15.6,26.2,98.0,NARE CP,10.905
2023-10-16,-0.32,-0.01,0.26,0.36,0.4,0.36,0.12,-0.16,-0.32,-0.4,2023,10,1.8,1,0,1.6,24.4,98.0,NARE CP,10.627
2023-10-17,-0.32,-0.01,0.26,0.36,0.4,0.36,0.12,-0.16,-0.32,-0.4,2023,10,1.8,1,0,0.0,25.6,98.0,NARE CP,9.883
2023-10-18,-0.32,-0.01,0.26,0.36,0.4,0.36,0.12,-0.16,-0.32,-0.4,2023,10,1.8,1,0,6.8,25.0,98.0,NARE CP,9.529
2023-10-19,-0.32,-0.01,0.26,0.36,0.4,0.36,0.12,-0.16,-0.32,-0.4,2023,10,1.8,1,0,0.0,26.0,98.0,NARE CP,10.057
2023-10-20,-0.32,-0.01,0.26,0.36,0.4,0.36,0.12,-0.16,-0.32,-0.4,2023,10,1.8,1,0,8.6,22.8,98.0,NARE CP,9.295
2023-10-21,0.17,0.68,0.84,0.81,0.59,0.15,-0.48,-0.76,-0.7,-0.41,2023,10,1.8,1,0,4.8,23.2,96.0,NARE CP,10.267
2023-10-22,0.17,0.68,0.84,0.81,0.59,0.15,-0.48,-0.76,-0.7,-0.41,2023,10,1.8,1,0,18.2,25.49,96.0,NARE CP,11.094
2023-10-23,0.17,0.68,0.84,0.81,0.59,0.15,-0.48,-0.76,-0.7,-0.41,2023,10,1.8,1,0,38.6,26.4,98.0,NARE CP,11.721
2023-10-24,0.17,0.68,0.84,0.81,0.59,0.15,-0.48,-0.76,-0.7,-0.41,2023,10,1.8,1,0,8.6,26.2,96.0,NARE CP,19.312
2023-10-25,0.17,0.68,0.84,0.81,0.59,0.15,-0.48,-0.76,-0.7,-0.41,2023,10,1.8,1,0,24.6,24.0,98.0,NARE CP,13.927
2023-10-26,-0.73,0.73,1.15,1.7,1.79,1.31,-0.01,-1.21,-1.7,-1.66,2023,10,1.8,1,0,21.4,24.4,98.0,NARE CP,15.753
2023-10-27,-0.73,0.73,1.15,1.7,1.79,1.31,-0.01,-1.21,-1.7,-1.66,2023,10,1.8,1,0,6.8,23.0,98.0,NARE CP,16.912
2023-10-28,-0.73,0.73,1.15,1.7,1.79,1.31,-0.01,-1.21,-1.7,-1.66,2023,10,1.8,1,0,0.0,24.0,98.0,NARE CP,12.01
2023-10-29,-0.73,0.73,1.15,1.7,1.79,1.31,-0.01,-1.21,-1.7,-1.66,2023,10,1.8,1,0,26.4,24.4,98.0,NARE CP,14.034
2023-10-30,-0.73,0.73,1.15,1.7,1.79,1.31,-0.01,-1.21,-1.7,-1.66,2023,10,1.8,1,0,48.6,25.0,98.0,NARE CP,27.375
2023-10-31,-0.8,-0.7,-0.25,-0.07,0.2,0.55,0.71,0.48,0.11,-0.34,2023,10,1.8,1,0,1.8,25.4,98.0,NARE CP,26.618
2023-11-01,-0.8,-0.7,-0.25,-0.07,0.2,0.55,0.71,0.48,0.11,-0.34,2023,11,1.9,1,0,15.6,23.0,91.0,NARE CP,42.561
2023-11-02,-0.8,-0.7,-0.25,-0.07,0.2,0.55,0.71,0.48,0.11,-0.34,2023,11,1.9,1,0,19.0,26.0,98.0,NARE CP,39.564
2023-11-03,-0.8,-0.7,-0.25,-0.07,0.2,0.55,0.71,0.48,0.11,-0.34,2023,11,1.9,1,0,52.6,24.0,98.0,NARE CP,29.029
2023-11-04,-0.8,-0.7,-0.25,-0.07,0.2,0.55,0.71,0.48,0.11,-0.34,2023,11,1.9,1,0,0.0,24.4,98.0,NARE CP,23.239
2023-11-05,0.57,0.16,0.2,-0.21,-0.51,-0.66,-0.44,0.03,0.39,0.63,2023,11,1.9,1,0,16.8,26.0,96.0,NARE CP,20.162
2023-11-06,0.57,0.16,0.2,-0.21,-0.51,-0.66,-0.44,0.03,0.39,0.63,2023,11,1.9,1,0,5.2,23.6,98.0,NARE CP,18.717
2023-11-07,0.57,0.16,0.2,-0.21,-0.51,-0.66,-0.44,0.03,0.39,0.63,2023,11,1.9,1,0,0.0,24.6,96.0,NARE CP,18.466
2023-11-08,0.57,0.16,0.2,-0.21,-0.51,-0.66,-0.44,0.03,0.39,0.63,2023,11,1.9,1,0,9.2,26.2,96.0,NARE CP,15.715
2023-11-09,0.57,0.16,0.2,-0.21,-0.51,-0.66,-0.44,0.03,0.39,0.63,2023,11,1.9,1,0,20.6,26.8,98.0,NARE CP,14.23
2023-11-10,1.44,0.62,0.63,-0.38,-1.16,-1.64,-1.29,-0.22,0.69,1.36,2023,11,1.9,1,0,7.8,25.2,98.0,NARE CP,13.266
2023-11-11,1.44,0.62,0.63,-0.38,-1.16,-1.64,-1.29,-0.22,0.69,1.36,2023,11,1.9,1,0,58.6,26.6,94.0,NARE CP,12.786
2023-11-12,1.44,0.62,0.63,-0.38,-1.16,-1.64,-1.29,-0.22,0.69,1.36,2023,11,1.9,1,0,2.2,24.2,98.0,NARE CP,12.899
2023-11-13,1.44,0.62,0.63,-0.38,-1.16,-1.64,-1.29,-0.22,0.69,1.36,2023,11,1.9,1,0,6.2,24.6,96.0,NARE CP,11.993
2023-11-14,1.44,0.62,0.63,-0.38,-1.16,-1.64,-1.29,-0.22,0.69,1.36,2023,11,1.9,1,0,9.0,26.6,94.0,NARE CP,11.501
2023-11-15,-0.39,1.38,1.65,2.17,2.08,1.24,-0.53,-1.87,-2.23,-1.87,2023,11,1.9,1,0,14.6,23.2,96.0,NARE CP,14.398
2023-11-16,-0.39,1.38,1.65,2.17,2.08,1.24,-0.53,-1.87,-2.23,-1.87,2023,11,1.9,1,0,58.6,26.0,98.0,NARE CP,17.04
2023-11-17,-0.39,1.38,1.65,2.17,2.08,1.24,-0.53,-1.87,-2.23,-1.87,2023,11,1.9,1,0,19.2,25.4,98.0,NARE CP,14.523
2023-11-18,-0.39,1.38,1.65,2.17,2.08,1.24,-0.53,-1.87,-2.23,-1.87,2023,11,1.9,1,0,6.0,23.8,98.0,NARE CP,27.531
2023-11-19,-0.39,1.38,1.65,2.17,2.08,1.24,-0.53,-1.87,-2.23,-1.87,2023,11,1.9,1,0,17.4,24.0,98.0,NARE CP,23.806
2023-11-20,-2.27,-1.21,-0.67,0.51,1.5,2.21,1.85,0.47,-0.79,-1.85,2023,11,1.9,1,0,5.4,22.6,98.0,NARE CP,24.283
2023-11-21,-2.27,-1.21,-0.67,0.51,1.5,2.21,1.85,0.47,-0.79,-1.85,2023,11,1.9,1,0,7.2,24.8,94.0,NARE CP,17.846
2023-11-22,-2.27,-1.21,-0.67,0.51,1.5,2.21,1.85,0.47,-0.79,-1.85,2023,11,1.9,1,0,1.0,24.6,95.0,NARE CP,14.955
2023-11-23,-2.27,-1.21,-0.67,0.51,1.5,2.21,1.85,0.47,-0.79,-1.85,2023,11,1.9,1,0,1.4,26.0,94.0,NARE CP,13.349
2023-11-24,-2.27,-1.21,-0.67,0.51,1.5,2.21,1.85,0.47,-0.79,-1.85,2023,11,1.9,1,0,30.6,25.6,96.0,NARE CP,13.023
2023-11-25,0.34,-0.54,-0.5,-0.92,-1.04,-0.77,0.01,0.74,1.04,0.98,2023,11,1.9,1,0,0.0,25.8,94.0,NARE CP,14.621
2023-11-26,0.34,-0.54,-0.5,-0.92,-1.04,-0.77,0.01,0.74,1.04,0.98,2023,11,1.9,1,0,0.0,26.0,95.0,NARE CP,13.015
2023-11-27,0.34,-0.54,-0.5,-0.92,-1.04,-0.77,0.01,0.74,1.04,0.98,2023,11,1.9,1,0,0.0,27.0,96.43,NARE CP,12.215
2023-11-28,0.34,-0.54,-0.5,-0.92,-1.04,-0.77,0.01,0.74,1.04,0.98,2023,11,1.9,1,0,0.0,27.4,96.43,NARE CP,11.112
2023-11-29,0.34,-0.54,-0.5,-0.92,-1.04,-0.77,0.01,0.74,1.04,0.98,2023,11,1.9,1,0,23.6,27.0,96.43,NARE CP,10.725
2023-11-30,0.86,-0.59,-0.73,-1.49,-1.78,-1.46,-0.22,1.06,1.68,1.75,2023,11,1.9,1,0,0.0,25.0,96.0,NARE CP,10.65
2023-12-01,0.86,-0.59,-0.73,-1.49,-1.78,-1.46,-0.22,1.06,1.68,1.75,2023,12,2.0,1,0,0.0,26.2,96.0,NARE CP,10.673
2023-12-02,0.86,-0.59,-0.73,-1.49,-1.78,-1.46,-0.22,1.06,1.68,1.75,2023,12,2.0,1,0,1.4,26.4,96.0,NARE CP,10.338
2023-12-03,0.86,-0.59,-0.73,-1.49,-1.78,-1.46,-0.22,1.06,1.68,1.75,2023,12,2.0,1,0,3.6,26.0,96.0,NARE CP,10.569
2023-12-04,0.86,-0.59,-0.73,-1.49,-1.78,-1.46,-0.22,1.06,1.68,1.75,2023,12,2.0,1,0,0.0,26.4,94.0,NARE CP,10.185
2023-12-05,1.78,0.77,0.54,-0.54,-1.38,-1.88,-1.43,-0.18,0.87,1.66,2023,12,2.0,1,0,2.0,26.8,94.0,NARE CP,9.989
2023-12-06,1.78,0.77,0.54,-0.54,-1.38,-1.88,-1.43,-0.18,0.87,1.66,2023,12,2.0,1,0,0.0,25.4,96.0,NARE CP,9.637
2023-12-07,1.78,0.77,0.54,-0.54,-1.38,-1.88,-1.43,-0.18,0.87,1.66,2023,12,2.0,1,0,38.6,25.0,96.0,NARE CP,9.789
2023-12-08,1.78,0.77,0.54,-0.54,-1.38,-1.88,-1.43,-0.18,0.87,1.66,2023,12,2.0,1,0,0.0,25.2,98.0,NARE CP,10.178
2023-12-09,1.78,0.77,0.54,-0.54,-1.38,-1.88,-1.43,-0.18,0.87,1.66,2023,12,2.0,1,0,0.0,27.0,96.43,NARE CP,9.489
2023-12-10,1.56,1.73,1.6,0.92,0.04,-1.03,-1.8,-1.48,-0.68,0.38,2023,12,2.0,1,0,0.0,26.4,94.0,NARE CP,9.246
2023-12-11,1.56,1.73,1.6,0.92,0.04,-1.03,-1.8,-1.48,-0.68,0.38,2023,12,2.0,1,0,27.6,26.4,94.0,NARE CP,9.165
2023-12-12,1.56,1.73,1.6,0.92,0.04,-1.03,-1.8,-1.48,-0.68,0.38,2023,12,2.0,1,0,0.0,27.0,96.43,NARE CP,11.63
2023-12-13,1.56,1.73,1.6,0.92,0.04,-1.03,-1.8,-1.48,-0.68,0.38,2023,12,2.0,1,0,0.0,26.2,96.0,NARE CP,8.788
2023-12-14,1.56,1.73,1.6,0.92,0.04,-1.03,-1.8,-1.48,-0.68,0.38,2023,12,2.0,1,0,0.0,25.6,96.0,NARE CP,8.712
2023-12-15,-0.16,0.66,0.84,1.06,0.99,0.57,-0.26,-0.87,-1.02,-0.84,2023,12,2.0,1,0,1.2,23.6,96.0,NARE CP,10.259
2023-12-16,-0.16,0.66,0.84,1.06,0.99,0.57,-0.26,-0.87,-1.02,-0.84,2023,12,2.0,1,0,30.6,24.0,98.0,NARE CP,11.108
2023-12-17,-0.16,0.66,0.84,1.06,0.99,0.57,-0.26,-0.87,-1.02,-0.84,2023,12,2.0,1,0,5.4,24.0,98.0,NARE CP,18.247
2023-12-18,-0.16,0.66,0.84,1.06,0.99,0.57,-0.26,-0.87,-1.02,-0.84,2023,12,2.0,1,0,0.0,25.4,98.0,NARE CP,11.279
2023-12-19,-0.16,0.66,0.84,1.06,0.99,0.57,-0.26,-0.87,-1.02,-0.84,2023,12,2.0,1,0,0.0,24.2,98.0,NARE CP,11.533
2023-12-20,-1.18,0.1,0.38,1.22,1.66,1.6,0.62,-0.63,-1.38,-1.69,2023,12,2.0,1,0,7.6,26.0,95.0,NARE CP,9.367
2023-12-21,-1.18,0.1,0.38,1.22,1.66,1.6,0.62,-0.63,-1.38,-1.69,2023,12,2.0,1,0,0.0,25.4,95.0,NARE CP,8.831
2023-12-22,-1.18,0.1,0.38,1.22,1.66,1.6,0.62,-0.63,-1.38,-1.69,2023,12,2.0,1,0,2.4,26.6,98.0,NARE CP,8.96
2023-12-23,-1.18,0.1,0.38,1.22,1.66,1.6,0.62,-0.63,-1.38,-1.69,2023,12,2.0,1,0,28.4,25.6,96.43,NARE CP,8.618
2023-12-24,-1.18,0.1,0.38,1.22,1.66,1.6,0.62,-0.63,-1.38,-1.69,2023,12,2.0,1,0,15.6,25.0,98.0,NARE CP,8.57
2023-12-25,0.0,0.0,0.0,0.0,0.0,0.0,0.0,0.0,0.0,0.0,2023,12,2.0,1,0,0.0,24.2,98.0,NARE CP,8.558
2023-12-26,0.0,0.0,0.0,0.0,0.0,0.0,0.0,0.0,0.0,0.0,2023,12,2.0,1,0,28.6,24.0,98.0,NARE CP,10.918
2023-12-27,0.0,0.0,0.0,0.0,0.0,0.0,0.0,0.0,0.0,0.0,2023,12,2.0,1,0,8.0,26.6,94.0,NARE CP,8.885
2023-12-28,0.0,0.0,0.0,0.0,0.0,0.0,0.0,0.0,0.0,0.0,2023,12,2.0,1,0,45.6,26.2,98.0,NARE CP,9.042
2023-12-29,0.0,0.0,0.0,0.0,0.0,0.0,0.0,0.0,0.0,0.0,2023,12,2.0,1,0,2.0,25.4,98.0,NARE CP,13.868
2023-12-30,-0.88,-1.67,-1.69,-1.4,-0.77,0.27,1.42,1.68,1.27,0.44,2023,12,2.0,1,0,0.0,24.0,98.0,NARE CP,10.629
2023-12-31,-0.88,-1.67,-1.69,-1.4,-0.77,0.27,1.42,1.68,1.27,0.44,2023,12,2.0,1,0,0.0,25.4,98.0,NARE CP,9.214
2024-01-01,-0.88,-1.67,-1.69,-1.4,-0.77,0.27,1.42,1.68,1.27,0.44,2024,1,1.8,1,0,0.0,25.2,95.0,NARE CP,9.593
2024-01-02,-0.88,-1.67,-1.69,-1.4,-0.77,0.27,1.42,1.68,1.27,0.44,2024,1,1.8,1,0,0.0,25.8,98.0,NARE CP,8.709
2024-01-03,-0.88,-1.67,-1.69,-1.4,-0.77,0.27,1.42,1.68,1.27,0.44,2024,1,1.8,1,0,0.0,25.4,93.0,NARE CP,8.924
2024-01-04,0.08,-0.11,-0.19,-0.21,-0.19,-0.11,0.04,0.16,0.2,0.19,2024,1,1.8,1,0,0.0,25.0,94.0,NARE CP,8.38
2024-01-05,0.08,-0.11,-0.19,-0.21,-0.19,-0.11,0.04,0.16,0.2,0.19,2024,1,1.8,1,0,0.0,24.4,98.0,NARE CP,8.034
2024-01-06,0.08,-0.11,-0.19,-0.21,-0.19,-0.11,0.04,0.16,0.2,0.19,2024,1,1.8,1,0,0.0,25.8,90.0,NARE CP,8.071
2024-01-07,0.08,-0.11,-0.19,-0.21,-0.19,-0.11,0.04,0.16,0.2,0.19,2024,1,1.8,1,0,0.0,26.6,98.0,NARE CP,7.747
2024-01-08,0.08,-0.11,-0.19,-0.21,-0.19,-0.11,0.04,0.16,0.2,0.19,2024,1,1.8,1,0,0.0,25.8,93.0,NARE CP,7.925
2024-01-09,-0.36,-1.33,-1.25,-1.34,-1.05,-0.3,0.84,1.42,1.36,0.82,2024,1,1.8,1,0,0.0,26.8,96.43,NARE CP,7.903
2024-01-10,-0.36,-1.33,-1.25,-1.34,-1.05,-0.3,0.84,1.42,1.36,0.82,2024,1,1.8,1,0,3.0,26.4,96.0,NARE CP,8.852
2024-01-11,-0.36,-1.33,-1.25,-1.34,-1.05,-0.3,0.84,1.42,1.36,0.82,2024,1,1.8,1,0,0.0,26.0,98.0,NARE CP,8.026
2024-01-12,-0.36,-1.33,-1.25,-1.34,-1.05,-0.3,0.84,1.42,1.36,0.82,2024,1,1.8,1,0,0.0,26.0,98.0,NARE CP,8.028
2024-01-13,-0.36,-1.33,-1.25,-1.34,-1.05,-0.3,0.84,1.42,1.36,0.82,2024,1,1.8,1,0,0.0,24.6,98.0,NARE CP,7.688
2024-01-14,1.59,-0.11,-0.53,-1.55,-2.1,-2.05,-0.83,0.78,1.77,2.21,2024,1,1.8,1,0,0.0,26.2,94.0,NARE CP,7.503
2024-01-15,1.59,-0.11,-0.53,-1.55,-2.1,-2.05,-0.83,0.78,1.77,2.21,2024,1,1.8,1,0,0.0,27.0,96.43,NARE CP,7.639
2024-01-16,1.59,-0.11,-0.53,-1.55,-2.1,-2.05,-0.83,0.78,1.77,2.21,2024,1,1.8,1,0,0.0,26.8,96.0,NARE CP,7.44
2024-01-17,1.59,-0.11,-0.53,-1.55,-2.1,-2.05,-0.83,0.78,1.77,2.21,2024,1,1.8,1,0,0.0,27.0,96.43,NARE CP,7.216
2024-01-18,1.59,-0.11,-0.53,-1.55,-2.1,-2.05,-0.83,0.78,1.77,2.21,2024,1,1.8,1,0,0.0,27.4,96.43,NARE CP,7.283
2024-01-19,2.18,1.68,1.41,0.32,-0.8,-1.87,-2.15,-1.17,0.02,1.25,2024,1,1.8,1,0,3.6,26.8,98.0,NARE CP,6.999
2024-01-20,2.18,1.68,1.41,0.32,-0.8,-1.87,-2.15,-1.17,0.02,1.25,2024,1,1.8,1,0,18.6,25.6,98.0,NARE CP,7.345
2024-01-21,2.18,1.68,1.41,0.32,-0.8,-1.87,-2.15,-1.17,0.02,1.25,2024,1,1.8,1,0,15.2,26.2,98.0,NARE CP,6.954
2024-01-22,2.18,1.68,1.41,0.32,-0.8,-1.87,-2.15,-1.17,0.02,1.25,2024,1,1.8,1,0,0.0,25.8,98.0,NARE CP,7.242
2024-01-23,2.18,1.68,1.41,0.32,-0.8,-1.87,-2.15,-1.17,0.02,1.25,2024,1,1.8,1,0,0.0,27.8,96.43,NARE CP,6.901
2024-01-24,1.41,2.6,2.73,2.23,1.2,-0.46,-2.26,-2.64,-1.97,-0.64,2024,1,1.8,1,0,0.0,28.0,96.43,NARE CP,6.904
2024-01-25,1.41,2.6,2.73,2.23,1.2,-0.46,-2.26,-2.64,-1.97,-0.64,2024,1,1.8,1,0,0.0,26.6,94.0,NARE CP,6.662
2024-01-26,1.41,2.6,2.73,2.23,1.2,-0.46,-2.26,-2.64,-1.97,-0.64,2024,1,1.8,1,0,3.0,25.8,94.0,NARE CP,6.645
2024-01-27,1.41,2.6,2.73,2.23,1.2,-0.46,-2.26,-2.64,-1.97,-0.64,2024,1,1.8,1,0,0.0,26.4,98.0,NARE CP,6.696
2024-01-28,1.41,2.6,2.73,2.23,1.2,-0.46,-2.26,-2.64,-1.97,-0.64,2024,1,1.8,1,0,0.0,26.6,96.43,NARE CP,6.514
2024-01-29,0.61,1.82,1.93,1.86,1.31,0.19,-1.33,-1.98,-1.77,-0.95,2024,1,1.8,1,0,0.0,26.2,98.0,NARE CP,6.515
2024-01-30,0.61,1.82,1.93,1.86,1.31,0.19,-1.33,-1.98,-1.77,-0.95,2024,1,1.8,1,0,2.0,25.4,96.0,NARE CP,7.336
2024-01-31,0.61,1.82,1.93,1.86,1.31,0.19,-1.33,-1.98,-1.77,-0.95,2024,1,1.8,1,0,0.0,26.8,98.0,NARE CP,7.275
2024-02-01,0.61,1.82,1.93,1.86,1.31,0.19,-1.33,-1.98,-1.77,-0.95,2024,2,1.5,1,0,18.6,23.0,98.0,NARE CP,7.469
2024-02-02,0.61,1.82,1.93,1.86,1.31,0.19,-1.33,-1.98,-1.77,-0.95,2024,2,1.5,1,0,22.6,23.8,94.0,NARE CP,6.986
2024-02-03,0.93,1.34,1.4,0.97,0.35,-0.51,-1.29,-1.28,-0.81,-0.06,2024,2,1.5,1,0,2.0,24.6,98.0,NARE CP,19.077
2024-02-04,0.93,1.34,1.4,0.97,0.35,-0.51,-1.29,-1.28,-0.81,-0.06,2024,2,1.5,1,0,6.0,24.0,98.0,NARE CP,14.442
2024-02-05,0.93,1.34,1.4,0.97,0.35,-0.51,-1.29,-1.28,-0.81,-0.06,2024,2,1.5,1,0,0.0,24.2,98.0,NARE CP,9.924
2024-02-06,0.93,1.34,1.4,0.97,0.35,-0.51,-1.29,-1.28,-0.81,-0.06,2024,2,1.5,1,0,0.0,25.2,98.0,NARE CP,9.38
2024-02-07,0.93,1.34,1.4,0.97,0.35,-0.51,-1.29,-1.28,-0.81,-0.06,2024,2,1.5,1,0,10.6,23.2,98.0,NARE CP,8.939
2024-02-08,0.37,1.11,1.27,1.22,0.86,0.15,-0.83,-1.25,-1.11,-0.59,2024,2,1.5,1,0,5.0,23.0,98.0,NARE CP,8.953
2024-02-09,0.37,1.11,1.27,1.22,0.86,0.15,-0.83,-1.25,-1.11,-0.59,2024,2,1.5,1,0,6.4,25.0,98.0,NARE CP,8.574
2024-02-10,0.37,1.11,1.27,1.22,0.86,0.15,-0.83,-1.25,-1.11,-0.59,2024,2,1.5,1,0,1.6,26.8,98.0,NARE CP,7.896
2024-02-11,0.37,1.11,1.27,1.22,0.86,0.15,-0.83,-1.25,-1.11,-0.59,2024,2,1.5,1,0,0.0,27.0,96.43,NARE CP,8.025
2024-02-12,0.37,1.11,1.27,1.22,0.86,0.15,-0.83,-1.25,-1.11,-0.59,2024,2,1.5,1,0,0.0,27.6,96.43,NARE CP,7.651
2024-02-13,0.12,0.76,0.9,0.98,0.79,0.3,-0.49,-0.93,-0.93,-0.61,2024,2,1.5,1,0,0.0,26.4,94.0,NARE CP,7.201
2024-02-14,0.12,0.76,0.9,0.98,0.79,0.3,-0.49,-0.93,-0.93,-0.61,2024,2,1.5,1,0,0.0,26.0,96.0,NARE CP,8.406
2024-02-15,0.12,0.76,0.9,0.98,0.79,0.3,-0.49,-0.93,-0.93,-0.61,2024,2,1.5,1,0,0.0,27.8,96.43,NARE CP,7.899
2024-02-16,0.12,0.76,0.9,0.98,0.79,0.3,-0.49,-0.93,-0.93,-0.61,2024,2,1.5,1,0,0.0,26.8,98.0,NARE CP,7.084
2024-02-17,0.12,0.76,0.9,0.98,0.79,0.3,-0.49,-0.93,-0.93,-0.61,2024,2,1.5,1,0,0.0,27.2,96.43,NARE CP,6.746
2024-02-18,0.2,0.76,0.87,0.84,0.61,0.12,-0.55,-0.86,-0.79,-0.46,2024,2,1.5,1,0,0.0,28.2,96.43,NARE CP,6.761
2024-02-19,0.2,0.76,0.87,0.84,0.61,0.12,-0.55,-0.86,-0.79,-0.46,2024,2,1.5,1,0,0.0,26.0,98.0,NARE CP,6.445
2024-02-20,0.2,0.76,0.87,0.84,0.61,0.12,-0.55,-0.86,-0.79,-0.46,2024,2,1.5,1,0,0.0,26.8,98.0,NARE CP,6.662
2024-02-21,0.2,0.76,0.87,0.84,0.61,0.12,-0.55,-0.86,-0.79,-0.46,2024,2,1.5,1,0,2.6,26.0,98.0,NARE CP,6.606
2024-02-22,0.2,0.76,0.87,0.84,0.61,0.12,-0.55,-0.86,-0.79,-0.46,2024,2,1.5,1,0,0.0,23.6,98.0,NARE CP,7.389
2024-02-23,-0.54,-0.77,-0.57,-0.46,-0.19,0.25,0.67,0.69,0.45,0.04,2024,2,1.5,1,0,0.0,24.6,98.0,NARE CP,7.381
2024-02-24,-0.54,-0.77,-0.57,-0.46,-0.19,0.25,0.67,0.69,0.45,0.04,2024,2,1.5,1,0,0.0,24.2,98.0,NARE CP,6.65
2024-02-25,-0.54,-0.77,-0.57,-0.46,-0.19,0.25,0.67,0.69,0.45,0.04,2024,2,1.5,1,0,0.0,25.4,98.0,NARE CP,6.625
2024-02-26,-0.54,-0.77,-0.57,-0.46,-0.19,0.25,0.67,0.69,0.45,0.04,2024,2,1.5,1,0,0.0,25.0,96.0,NARE CP,6.669
2024-02-27,-0.54,-0.77,-0.57,-0.46,-0.19,0.25,0.67,0.69,0.45,0.04,2024,2,1.5,1,0,0.0,26.0,98.0,NARE CP,6.898
2024-02-28,-0.4,-1.69,-1.67,-1.85,-1.48,-0.48,1.07,1.9,1.86,1.16,2024,2,1.5,1,0,0.0,26.2,88.0,NARE CP,6.4
2024-02-29,-0.4,-1.69,-1.67,-1.85,-1.48,-0.48,1.07,1.9,1.86,1.16,2024,2,1.5,1,0,0.0,26.2,96.0,NARE CP,6.329
2024-03-01,-0.4,-1.69,-1.67,-1.85,-1.48,-0.48,1.07,1.9,1.86,1.16,2024,3,1.1,1,0,0.0,25.8,90.0,NARE CP,6.004
2024-03-02,-0.4,-1.69,-1.67,-1.85,-1.48,-0.48,1.07,1.9,1.86,1.16,2024,3,1.1,1,0,0.0,27.2,96.43,NARE CP,6.184
2024-03-03,-0.4,-1.69,-1.67,-1.85,-1.48,-0.48,1.07,1.9,1.86,1.16,2024,3,1.1,1,0,0.0,26.2,94.0,NARE CP,6.456
2024-03-04,-0.4,-1.69,-1.67,-1.85,-1.48,-0.48,1.07,1.9,1.86,1.16,2024,3,1.1,1,0,0.0,26.4,94.0,NARE CP,7.422
2024-03-05,0.55,-1.37,-1.53,-2.25,-2.29,-1.51,0.34,1.86,2.36,2.08,2024,3,1.1,1,0,0.0,25.8,98.0,NARE CP,6.307
2024-03-06,0.55,-1.37,-1.53,-2.25,-2.29,-1.51,0.34,1.86,2.36,2.08,2024,3,1.1,1,0,0.0,26.6,94.0,NARE CP,6.102
2024-03-07,0.55,-1.37,-1.53,-2.25,-2.29,-1.51,0.34,1.86,2.36,2.08,2024,3,1.1,1,0,0.0,27.2,96.43,NARE CP,6.034
2024-03-08,0.55,-1.37,-1.53,-2.25,-2.29,-1.51,0.34,1.86,2.36,2.08,2024,3,1.1,1,0,2.6,27.6,96.43,NARE CP,6.228
2024-03-09,0.55,-1.37,-1.53,-2.25,-2.29,-1.51,0.34,1.86,2.36,2.08,2024,3,1.1,1,0,0.0,24.6,96.0,NARE CP,8.285
2024-03-10,1.96,0.98,0.83,-0.39,-1.38,-2.06,-1.74,-0.44,0.73,1.67,2024,3,1.1,1,0,28.6,27.8,96.43,NARE CP,6.703
2024-03-11,1.96,0.98,0.83,-0.39,-1.38,-2.06,-1.74,-0.44,0.73,1.67,2024,3,1.1,1,0,17.0,26.4,98.0,NARE CP,7.706
2024-03-12,1.96,0.98,0.83,-0.39,-1.38,-2.06,-1.74,-0.44,0.73,1.67,2024,3,1.1,1,0,1.6,27.0,98.0,NARE CP,7.326
2024-03-13,1.96,0.98,0.83,-0.39,-1.38,-2.06,-1.74,-0.44,0.73,1.67,2024,3,1.1,1,0,27.6,27.2,96.43,NARE CP,6.667
2024-03-14,1.96,0.98,0.83,-0.39,-1.38,-2.06,-1.74,-0.44,0.73,1.67,2024,3,1.1,1,0,0.0,26.8,96.43,NARE CP,6.447
2024-03-15,1.12,2.13,2.25,1.85,1.01,-0.33,-1.82,-2.15,-1.63,-0.55,2024,3,1.1,1,0,0.0,27.2,96.43,NARE CP,6.424
2024-03-16,1.12,2.13,2.25,1.85,1.01,-0.33,-1.82,-2.15,-1.63,-0.55,2024,3,1.1,1,0,32.6,27.8,96.43,NARE CP,6.084
2024-03-17,1.12,2.13,2.25,1.85,1.01,-0.33,-1.82,-2.15,-1.63,-0.55,2024,3,1.1,1,0,2.0,24.8,98.0,NARE CP,6.136
2024-03-18,1.12,2.13,2.25,1.85,1.01,-0.33,-1.82,-2.15,-1.63,-0.55,2024,3,1.1,1,0,5.6,27.8,96.43,NARE CP,7.118
2024-03-19,1.12,2.13,2.25,1.85,1.01,-0.33,-1.82,-2.15,-1.63,-0.55,2024,3,1.1,1,0,2.2,26.8,94.0,NARE CP,7.035
2024-03-20,-1.44,0.21,0.73,1.65,2.1,1.96,0.68,-0.86,-1.75,-2.1,2024,3,1.1,1,0,0.0,25.8,98.0,NARE CP,6.28
2024-03-21,-1.44,0.21,0.73,1.65,2.1,1.96,0.68,-0.86,-1.75,-2.1,2024,3,1.1,1,0,0.0,26.0,94.0,NARE CP,6.19
2024-03-22,-1.44,0.21,0.73,1.65,2.1,1.96,0.68,-0.86,-1.75,-2.1,2024,3,1.1,1,0,0.0,27.6,96.43,NARE CP,5.987
2024-03-23,-1.44,0.21,0.73,1.65,2.1,1.96,0.68,-0.86,-1.75,-2.1,2024,3,1.1,1,0,0.0,26.0,94.0,NARE CP,5.911
2024-03-24,-1.44,0.21,0.73,1.65,2.1,1.96,0.68,-0.86,-1.75,-2.1,2024,3,1.1,1,0,0.0,25.2,96.0,NARE CP,5.948
2024-03-25,-1.59,-0.69,-0.28,0.56,1.21,1.62,1.22,0.16,-0.73,-1.43,2024,3,1.1,1,0,0.0,25.4,96.0,NARE CP,5.646
2024-03-26,-1.59,-0.69,-0.28,0.56,1.21,1.62,1.22,0.16,-0.73,-1.43,2024,3,1.1,1,0,0.0,26.2,94.0,NARE CP,6.009
2024-03-27,-1.59,-0.69,-0.28,0.56,1.21,1.62,1.22,0.16,-0.73,-1.43,2024,3,1.1,1,0,1.6,25.4,96.0,NARE CP,5.893
2024-03-28,-1.59,-0.69,-0.28,0.56,1.21,1.62,1.22,0.16,-0.73,-1.43,2024,3,1.1,1,0,0.0,24.8,94.0,NARE CP,6.485
2024-03-29,-1.59,-0.69,-0.28,0.56,1.21,1.62,1.22,0.16,-0.73,-1.43,2024,3,1.1,1,0,3.0,25.6,94.0,NARE CP,5.858
2024-03-30,-0.87,-1.07,-0.84,-0.58,-0.15,0.46,0.99,0.93,0.53,-0.09,2024,3,1.1,1,0,9.6,25.0,96.0,NARE CP,5.717
2024-03-31,-0.87,-1.07,-0.84,-0.58,-0.15,0.46,0.99,0.93,0.53,-0.09,2024,3,1.1,1,0,18.6,24.4,96.0,NARE CP,6.718
2024-04-01,-0.87,-1.07,-0.84,-0.58,-0.15,0.46,0.99,0.93,0.53,-0.09,2024,4,0.7,1,0,59.6,24.8,98.0,NARE CP,7.548
2024-04-02,-0.87,-1.07,-0.84,-0.58,-0.15,0.46,0.99,0.93,0.53,-0.09,2024,4,0.7,1,0,8.0,23.8,98.0,NARE CP,10.139
2024-04-03,-0.87,-1.07,-0.84,-0.58,-0.15,0.46,0.99,0.93,0.53,-0.09,2024,4,0.7,1,0,10.6,24.0,94.0,NARE CP,8.051
2024-04-04,0.08,-0.87,-0.83,-1.14,-1.09,-0.61,0.36,1.06,1.22,0.96,2024,4,0.7,1,0,32.6,23.6,98.0,NARE CP,10.594
2024-04-05,0.08,-0.87,-0.83,-1.14,-1.09,-0.61,0.36,1.06,1.22,0.96,2024,4,0.7,1,0,3.6,25.4,94.0,NARE CP,12.428
2024-04-06,0.08,-0.87,-0.83,-1.14,-1.09,-0.61,0.36,1.06,1.22,0.96,2024,4,0.7,1,0,12.6,25.8,95.0,NARE CP,9.843
2024-04-07,0.08,-0.87,-0.83,-1.14,-1.09,-0.61,0.36,1.06,1.22,0.96,2024,4,0.7,1,0,3.6,27.0,96.43,NARE CP,7.702
2024-04-08,0.08,-0.87,-0.83,-1.14,-1.09,-0.61,0.36,1.06,1.22,0.96,2024,4,0.7,1,0,0.0,26.6,98.0,NARE CP,6.824
2024-04-09,0.67,0.31,0.35,-0.11,-0.48,-0.71,-0.59,-0.13,0.28,0.6,2024,4,0.7,1,0,0.0,27.8,96.43,NARE CP,6.735
2024-04-10,0.67,0.31,0.35,-0.11,-0.48,-0.71,-0.59,-0.13,0.28,0.6,2024,4,0.7,1,0,4.2,27.4,96.43,NARE CP,6.34
2024-04-11,0.67,0.31,0.35,-0.11,-0.48,-0.71,-0.59,-0.13,0.28,0.6,2024,4,0.7,1,0,0.0,26.2,98.0,NARE CP,6.386
2024-04-12,0.67,0.31,0.35,-0.11,-0.48,-0.71,-0.59,-0.13,0.28,0.6,2024,4,0.7,1,0,0.0,27.4,96.43,NARE CP,6.098
2024-04-13,0.67,0.31,0.35,-0.11,-0.48,-0.71,-0.59,-0.13,0.28,0.6,2024,4,0.7,1,0,0.0,27.2,98.0,NARE CP,6.561
2024-04-14,-0.12,0.42,0.55,0.69,0.65,0.39,-0.16,-0.57,-0.68,-0.56,2024,4,0.7,1,0,0.0,26.6,98.0,NARE CP,5.707
2024-04-15,-0.12,0.42,0.55,0.69,0.65,0.39,-0.16,-0.57,-0.68,-0.56,2024,4,0.7,1,0,0.0,26.2,96.0,NARE CP,5.955
2024-04-16,-0.12,0.42,0.55,0.69,0.65,0.39,-0.16,-0.57,-0.68,-0.56,2024,4,0.7,1,0,0.0,26.6,98.0,NARE CP,5.924
2024-04-17,-0.12,0.42,0.55,0.69,0.65,0.39,-0.16,-0.57,-0.68,-0.56,2024,4,0.7,1,0,3.85,25.0,95.0,NARE CP,6.329
2024-04-18,-0.12,0.42,0.55,0.69,0.65,0.39,-0.16,-0.57,-0.68,-0.56,2024,4,0.7,1,0,1.8,26.6,98.0,NARE CP,6.061
2024-04-19,-0.91,-0.47,-0.21,0.24,0.62,0.89,0.74,0.19,-0.31,-0.74,2024,4,0.7,1,0,5.8,24.2,98.0,NARE CP,6.37
2024-04-20,-0.91,-0.47,-0.21,0.24,0.62,0.89,0.74,0.19,-0.31,-0.74,2024,4,0.7,1,0,40.9,25.8,94.0,NARE CP,6.832
2024-04-21,-0.91,-0.47,-0.21,0.24,0.62,0.89,0.74,0.19,-0.31,-0.74,2024,4,0.7,1,0,2.8,24.2,98.0,NARE CP,10.514
2024-04-22,-0.91,-0.47,-0.21,0.24,0.62,0.89,0.74,0.19,-0.31,-0.74,2024,4,0.7,1,0,5.7,22.6,98.0,NARE CP,14.928
2024-04-23,-0.91,-0.47,-0.21,0.24,0.62,0.89,0.74,0.19,-0.31,-0.74,2024,4,0.7,1,0,5.3,24.8,98.0,NARE CP,14.728
2024-04-24,-0.4,-0.9,-0.84,-0.78,-0.5,0.02,0.69,0.92,0.76,0.34,2024,4,0.7,1,0,15.05,26.4,98.0,NARE CP,10.034
2024-04-25,-0.4,-0.9,-0.84,-0.78,-0.5,0.02,0.69,0.92,0.76,0.34,2024,4,0.7,1,0,43.3,25.2,98.0,NARE CP,10.139
2024-04-26,-0.4,-0.9,-0.84,-0.78,-0.5,0.02,0.69,0.92,0.76,0.34,2024,4,0.7,1,0,11.05,24.4,98.0,NARE CP,9.89
2024-04-27,-0.4,-0.9,-0.84,-0.78,-0.5,0.02,0.69,0.92,0.76,0.34,2024,4,0.7,1,0,5.2,25.2,98.0,NARE CP,15.581
2024-04-28,-0.4,-0.9,-0.84,-0.78,-0.5,0.02,0.69,0.92,0.76,0.34,2024,4,0.7,1,0,31.45,25.6,96.0,NARE CP,15.182
2024-04-29,0.78,-0.09,-0.13,-0.76,-1.11,-1.11,-0.47,0.39,0.92,1.15,2024,4,0.7,1,0,0.0,25.0,96.0,NARE CP,14.56
2024-04-30,0.78,-0.09,-0.13,-0.76,-1.11,-1.11,-0.47,0.39,0.92,1.15,2024,4,0.7,1,0,44.35,25.4,96.0,NARE CP,10.179
2024-05-01,0.78,-0.09,-0.13,-0.76,-1.11,-1.11,-0.47,0.39,0.92,1.15,2024,5,0.4,0,0,0.5,26.2,96.0,NARE CP,10.695
2024-05-02,0.78,-0.09,-0.13,-0.76,-1.11,-1.11,-0.47,0.39,0.92,1.15,2024,5,0.4,0,0,32.3,22.4,98.0,NARE CP,12.81
2024-05-03,0.78,-0.09,-0.13,-0.76,-1.11,-1.11,-0.47,0.39,0.92,1.15,2024,5,0.4,0,0,85.0,23.0,96.43,NARE CP,15.02
2024-05-04,1.25,0.98,0.86,0.21,-0.44,-1.06,-1.24,-0.69,-0.01,0.71,2024,5,0.4,0,0,14.7,23.6,98.0,NARE CP,29.634
2024-05-05,1.25,0.98,0.86,0.21,-0.44,-1.06,-1.24,-0.69,-0.01,0.71,2024,5,0.4,0,0,0.5,24.6,98.0,NARE CP,24.123
2024-05-06,1.25,0.98,0.86,0.21,-0.44,-1.06,-1.24,-0.69,-0.01,0.71,2024,5,0.4,0,0,5.5,26.2,98.0,NARE CP,13.932
2024-05-07,1.25,0.98,0.86,0.21,-0.44,-1.06,-1.24,-0.69,-0.01,0.71,2024,5,0.4,0,0,53.4,26.6,98.0,NARE CP,11.29
2024-05-08,1.25,0.98,0.86,0.21,-0.44,-1.06,-1.24,-0.69,-0.01,0.71,2024,5,0.4,0,0,55.3,26.0,98.0,NARE CP,23.46
2024-05-09,0.07,0.17,0.33,0.24,0.11,-0.04,-0.2,-0.22,-0.16,-0.06,2024,5,0.4,0,0,14.2,26.6,98.0,NARE CP,37.286
2024-05-10,0.07,0.17,0.33,0.24,0.11,-0.04,-0.2,-0.22,-0.16,-0.06,2024,5,0.4,0,0,13.4,27.0,98.0,NARE CP,35.749
2024-05-11,0.07,0.17,0.33,0.24,0.11,-0.04,-0.2,-0.22,-0.16,-0.06,2024,5,0.4,0,0,32.05,25.0,96.0,NARE CP,23.608
2024-05-12,0.07,0.17,0.33,0.24,0.11,-0.04,-0.2,-0.22,-0.16,-0.06,2024,5,0.4,0,0,4.55,22.8,98.0,NARE CP,23.892
2024-05-13,0.07,0.17,0.33,0.24,0.11,-0.04,-0.2,-0.22,-0.16,-0.06,2024,5,0.4,0,0,0.0,27.8,96.43,NARE CP,19.209
2024-05-14,-0.09,-0.81,-0.74,-0.92,-0.82,-0.37,0.42,0.93,0.98,0.7,2024,5,0.4,0,0,32.8,27.0,96.43,NARE CP,16.669
2024-05-15,-0.09,-0.81,-0.74,-0.92,-0.82,-0.37,0.42,0.93,0.98,0.7,2024,5,0.4,0,0,46.15,25.0,98.0,NARE CP,28.182
2024-05-16,-0.09,-0.81,-0.74,-0.92,-0.82,-0.37,0.42,0.93,0.98,0.7,2024,5,0.4,0,0,37.8,25.6,98.0,NARE CP,32.103
2024-05-17,-0.09,-0.81,-0.74,-0.92,-0.82,-0.37,0.42,0.93,0.98,0.7,2024,5,0.4,0,0,0.0,26.2,98.0,NARE CP,21.383
2024-05-18,-0.09,-0.81,-0.74,-0.92,-0.82,-0.37,0.42,0.93,0.98,0.7,2024,5,0.4,0,0,2.7,26.6,98.0,NARE CP,15.538
2024-05-19,-0.39,-1.09,-1.14,-1.1,-0.77,-0.1,0.79,1.16,1.02,0.54,2024,5,0.4,0,0,0.0,26.8,98.0,NARE CP,15.148
2024-05-20,-0.39,-1.09,-1.14,-1.1,-0.77,-0.1,0.79,1.16,1.02,0.54,2024,5,0.4,0,0,0.0,26.8,96.0,NARE CP,12.88
2024-05-21,-0.39,-1.09,-1.14,-1.1,-0.77,-0.1,0.79,1.16,1.02,0.54,2024,5,0.4,0,0,0.0,25.4,94.0,NARE CP,12.612
2024-05-22,-0.39,-1.09,-1.14,-1.1,-0.77,-0.1,0.79,1.16,1.02,0.54,2024,5,0.4,0,0,17.3,27.0,96.43,NARE CP,13.2
2024-05-23,-0.39,-1.09,-1.14,-1.1,-0.77,-0.1,0.79,1.16,1.02,0.54,2024,5,0.4,0,0,16.65,25.8,96.0,NARE CP,14.259
2024-05-24,0.06,-0.62,-0.62,-0.84,-0.8,-0.46,0.24,0.75,0.88,0.69,2024,5,0.4,0,0,0.5,25.0,98.0,NARE CP,27.894
2024-05-25,0.06,-0.62,-0.62,-0.84,-0.8,-0.46,0.24,0.75,0.88,0.69,2024,5,0.4,0,0,2.3,27.0,96.43,NARE CP,17.94
2024-05-26,0.06,-0.62,-0.62,-0.84,-0.8,-0.46,0.24,0.75,0.88,0.69,2024,5,0.4,0,0,4.5,27.4,96.43,NARE CP,13.199
2024-05-27,0.06,-0.62,-0.62,-0.84,-0.8,-0.46,0.24,0.75,0.88,0.69,2024,5,0.4,0,0,63.8,27.0,96.43,NARE CP,12.919
2024-05-28,0.06,-0.62,-0.62,-0.84,-0.8,-0.46,0.24,0.75,0.88,0.69,2024,5,0.4,0,0,34.55,26.8,96.43,NARE CP,19.079
2024-05-29,0.44,0.08,0.03,-0.26,-0.46,-0.54,-0.34,0.04,0.32,0.5,2024,5,0.4,0,0,0.5,25.0,96.0,NARE CP,18.614
2024-05-30,0.44,0.08,0.03,-0.26,-0.46,-0.54,-0.34,0.04,0.32,0.5,2024,5,0.4,0,0,33.95,25.6,98.0,NARE CP,15.661
2024-05-31,0.44,0.08,0.03,-0.26,-0.46,-0.54,-0.34,0.04,0.32,0.5,2024,5,0.4,0,0,1.3,26.0,98.0,NARE CP,28.344
2024-06-01,0.44,0.08,0.03,-0.26,-0.46,-0.54,-0.34,0.04,0.32,0.5,2024,6,0.2,0,0,5.0,27.6,96.43,NARE CP,20.016
2024-06-02,0.44,0.08,0.03,-0.26,-0.46,-0.54,-0.34,0.04,0.32,0.5,2024,6,0.2,0,0,14.3,27.6,96.0,NARE CP,16.073
2024-06-03,-0.05,0.2,0.31,0.32,0.28,0.15,-0.1,-0.27,-0.31,-0.25,2024,6,0.2,0,0,1.3,27.2,96.43,NARE CP,20.028
2024-06-04,-0.05,0.2,0.31,0.32,0.28,0.15,-0.1,-0.27,-0.31,-0.25,2024,6,0.2,0,0,0.75,25.8,98.0,NARE CP,20.98
2024-06-05,-0.05,0.2,0.31,0.32,0.28,0.15,-0.1,-0.27,-0.31,-0.25,2024,6,0.2,0,0,2.25,25.0,98.0,NARE CP,15.881
2024-06-06,-0.05,0.2,0.31,0.32,0.28,0.15,-0.1,-0.27,-0.31,-0.25,2024,6,0.2,0,0,0.0,25.4,96.0,NARE CP,13.79
2024-06-07,-0.05,0.2,0.31,0.32,0.28,0.15,-0.1,-0.27,-0.31,-0.25,2024,6,0.2,0,0,7.9,26.2,98.0,NARE CP,7.797
2024-06-08,-0.01,0.04,0.09,0.06,0.04,0.0,-0.05,-0.06,-0.06,-0.05,2024,6,0.2,0,0,11.7,26.6,98.0,NARE CP,13.518
2024-06-09,-0.01,0.04,0.09,0.06,0.04,0.0,-0.05,-0.06,-0.06,-0.05,2024,6,0.2,0,0,20.1,25.4,96.0,NARE CP,21.119
2024-06-10,-0.01,0.04,0.09,0.06,0.04,0.0,-0.05,-0.06,-0.06,-0.05,2024,6,0.2,0,0,20.25,25.6,98.0,NARE CP,18.278
2024-06-11,-0.01,0.04,0.09,0.06,0.04,0.0,-0.05,-0.06,-0.06,-0.05,2024,6,0.2,0,0,0.0,25.0,98.0,NARE CP,21.835
2024-06-12,-0.01,0.04,0.09,0.06,0.04,0.0,-0.05,-0.06,-0.06,-0.05,2024,6,0.2,0,0,4.85,25.8,98.0,NARE CP,15.649
2024-06-13,0.09,0.05,0.09,-0.02,-0.1,-0.15,-0.12,-0.04,0.04,0.09,2024,6,0.2,0,0,25.8,25.4,98.0,NARE CP,17.207
2024-06-14,0.09,0.05,0.09,-0.02,-0.1,-0.15,-0.12,-0.04,0.04,0.09,2024,6,0.2,0,0,42.8,25.0,98.0,NARE CP,20.537
2024-06-15,0.09,0.05,0.09,-0.02,-0.1,-0.15,-0.12,-0.04,0.04,0.09,2024,6,0.2,0,0,24.8,24.0,93.0,NARE CP,41.952
2024-06-16,0.09,0.05,0.09,-0.02,-0.1,-0.15,-0.12,-0.04,0.04,0.09,2024,6,0.2,0,0,0.0,24.6,98.0,NARE CP,47.122
2024-06-17,0.09,0.05,0.09,-0.02,-0.1,-0.15,-0.12,-0.04,0.04,0.09,2024,6,0.2,0,0,10.5,25.6,98.0,NARE CP,35.084
2024-06-18,-0.14,-0.2,-0.2,-0.14,-0.06,0.07,0.19,0.18,0.11,0.0,2024,6,0.2,0,0,26.3,26.2,98.0,NARE CP,25.973
2024-06-19,-0.14,-0.2,-0.2,-0.14,-0.06,0.07,0.19,0.18,0.11,0.0,2024,6,0.2,0,0,14.15,24.6,98.0,NARE CP,27.716
2024-06-20,-0.14,-0.2,-0.2,-0.14,-0.06,0.07,0.19,0.18,0.11,0.0,2024,6,0.2,0,0,7.3,25.4,98.0,NARE CP,25.806
2024-06-21,-0.14,-0.2,-0.2,-0.14,-0.06,0.07,0.19,0.18,0.11,0.0,2024,6,0.2,0,0,1.0,26.2,98.0,NARE CP,22.914
2024-06-22,-0.14,-0.2,-0.2,-0.14,-0.06,0.07,0.19,0.18,0.11,0.0,2024,6,0.2,0,0,43.8,25.6,98.0,NARE CP,23.044
2024-06-23,-0.83,-0.98,-0.75,-0.5,-0.11,0.43,0.88,0.79,0.42,-0.13,2024,6,0.2,0,0,1.6,25.4,98.0,NARE CP,41.102
2024-06-24,-0.83,-0.98,-0.75,-0.5,-0.11,0.43,0.88,0.79,0.42,-0.13,2024,6,0.2,0,0,31.8,26.5,98.0,NARE CP,24.676
2024-06-25,-0.83,-0.98,-0.75,-0.5,-0.11,0.43,0.88,0.79,0.42,-0.13,2024,6,0.2,0,0,29.25,25.0,98.0,NARE CP,23.544
2024-06-26,-0.83,-0.98,-0.75,-0.5,-0.11,0.43,0.88,0.79,0.42,-0.13,2024,6,0.2,0,0,17.3,25.4,96.0,NARE CP,41.193
2024-06-27,-0.83,-0.98,-0.75,-0.5,-0.11,0.43,0.88,0.79,0.42,-0.13,2024,6,0.2,0,0,11.2,24.4,96.0,NARE CP,36.362
2024-06-28,0.31,-0.99,-1.04,-1.55,-1.58,-1.04,0.24,1.28,1.61,1.4,2024,6,0.2,0,0,9.3,23.0,98.0,NARE CP,41.436
2024-06-29,0.31,-0.99,-1.04,-1.55,-1.58,-1.04,0.24,1.28,1.61,1.4,2024,6,0.2,0,0,0.9,24.6,98.0,NARE CP,38.054
2024-06-30,0.31,-0.99,-1.04,-1.55,-1.58,-1.04,0.24,1.28,1.61,1.4,2024,6,0.2,0,0,31.7,26.4,98.0,NARE CP,28.979
2024-07-01,0.31,-0.99,-1.04,-1.55,-1.58,-1.04,0.24,1.28,1.61,1.4,2024,7,0.0,0,0,31.3,27.0,96.43,NARE CP,33.096
2024-07-02,0.31,-0.99,-1.04,-1.55,-1.58,-1.04,0.24,1.28,1.61,1.4,2024,7,0.0,0,0,17.3,25.8,98.0,NARE CP,33.834
2024-07-03,0.35,-0.68,-0.67,-1.15,-1.26,-0.9,0.06,0.92,1.26,1.15,2024,7,0.0,0,0,31.3,24.8,98.0,NARE CP,38.706
2024-07-04,0.35,-0.68,-0.67,-1.15,-1.26,-0.9,0.06,0.92,1.26,1.15,2024,7,0.0,0,0,49.8,25.2,98.0,NARE CP,32.432
2024-07-05,0.35,-0.68,-0.67,-1.15,-1.26,-0.9,0.06,0.92,1.26,1.15,2024,7,0.0,0,0,1.4,21.8,98.0,NARE CP,33.233
2024-07-06,0.35,-0.68,-0.67,-1.15,-1.26,-0.9,0.06,0.92,1.26,1.15,2024,7,0.0,0,0,1.0,26.0,98.0,NARE CP,29.562
2024-07-07,0.35,-0.68,-0.67,-1.15,-1.26,-0.9,0.06,0.92,1.26,1.15,2024,7,0.0,0,0,0.0,25.4,98.0,NARE CP,23.875
2024-07-08,0.71,-0.22,-0.4,-0.97,-1.23,-1.11,-0.34,0.54,1.03,1.18,2024,7,0.0,0,0,0.0,26.0,98.0,NARE CP,20.967
2024-07-09,0.71,-0.22,-0.4,-0.97,-1.23,-1.11,-0.34,0.54,1.03,1.18,2024,7,0.0,0,0,0.0,26.2,96.0,NARE CP,19.657
2024-07-10,0.71,-0.22,-0.4,-0.97,-1.23,-1.11,-0.34,0.54,1.03,1.18,2024,7,0.0,0,0,11.8,25.4,96.0,NARE CP,18.161
2024-07-11,0.71,-0.22,-0.4,-0.97,-1.23,-1.11,-0.34,0.54,1.03,1.18,2024,7,0.0,0,0,3.95,25.6,98.0,NARE CP,17.286
2024-07-12,0.71,-0.22,-0.4,-0.97,-1.23,-1.11,-0.34,0.54,1.03,1.18,2024,7,0.0,0,0,2.8,25.0,98.0,NARE CP,23.599
2024-07-13,0.09,-0.29,-0.22,-0.44,-0.5,-0.36,0.01,0.34,0.46,0.41,2024,7,0.0,0,0,0.0,26.0,98.0,NARE CP,21.557
2024-07-14,0.09,-0.29,-0.22,-0.44,-0.5,-0.36,0.01,0.34,0.46,0.41,2024,7,0.0,0,0,0.0,26.6,98.0,NARE CP,16.227
2024-07-15,0.09,-0.29,-0.22,-0.44,-0.5,-0.36,0.01,0.34,0.46,0.41,2024,7,0.0,0,0,0.0,26.0,98.0,NARE CP,15.031
2024-07-16,0.09,-0.29,-0.22,-0.44,-0.5,-0.36,0.01,0.34,0.46,0.41,2024,7,0.0,0,0,0.0,26.4,98.0,NARE CP,14.505
2024-07-17,0.09,-0.29,-0.22,-0.44,-0.5,-0.36,0.01,0.34,0.46,0.41,2024,7,0.0,0,0,1.5,27.0,96.43,NARE CP,13.912
2024-07-18,0.35,-0.23,-0.25,-0.62,-0.78,-0.68,-0.17,0.38,0.66,0.71,2024,7,0.0,0,0,1.3,25.8,98.0,NARE CP,13.729
2024-07-19,0.35,-0.23,-0.25,-0.62,-0.78,-0.68,-0.17,0.38,0.66,0.71,2024,7,0.0,0,0,0.0,26.2,94.0,NARE CP,13.111
2024-07-20,0.35,-0.23,-0.25,-0.62,-0.78,-0.68,-0.17,0.38,0.66,0.71,2024,7,0.0,0,0,4.1,25.8,96.0,NARE CP,13.128
2024-07-21,0.35,-0.23,-0.25,-0.62,-0.78,-0.68,-0.17,0.38,0.66,0.71,2024,7,0.0,0,0,1.5,26.6,95.0,NARE CP,13.569
2024-07-22,0.35,-0.23,-0.25,-0.62,-0.78,-0.68,-0.17,0.38,0.66,0.71,2024,7,0.0,0,0,0.0,26.8,96.0,NARE CP,12.971
2024-07-23,0.64,0.03,0.05,-0.48,-0.81,-0.88,-0.47,0.19,0.63,0.85,2024,7,0.0,0,0,0.0,27.0,96.43,NARE CP,12.165
2024-07-24,0.64,0.03,0.05,-0.48,-0.81,-0.88,-0.47,0.19,0.63,0.85,2024,7,0.0,0,0,0.0,26.8,96.43,NARE CP,11.795
2024-07-25,0.64,0.03,0.05,-0.48,-0.81,-0.88,-0.47,0.19,0.63,0.85,2024,7,0.0,0,0,0.0,27.4,96.43,NARE CP,11.351
2024-07-26,0.64,0.03,0.05,-0.48,-0.81,-0.88,-0.47,0.19,0.63,0.85,2024,7,0.0,0,0,20.8,26.2,96.0,NARE CP,10.938
2024-07-27,0.64,0.03,0.05,-0.48,-0.81,-0.88,-0.47,0.19,0.63,0.85,2024,7,0.0,0,0,1.5,25.0,98.0,NARE CP,17.386
2024-07-28,-0.35,-0.11,0.01,0.22,0.35,0.4,0.22,-0.07,-0.27,-0.38,2024,7,0.0,0,0,0.0,25.2,94.0,NARE CP,13.732
2024-07-29,-0.35,-0.11,0.01,0.22,0.35,0.4,0.22,-0.07,-0.27,-0.38,2024,7,0.0,0,0,0.0,27.0,96.43,NARE CP,11.391
2024-07-30,-0.35,-0.11,0.01,0.22,0.35,0.4,0.22,-0.07,-0.27,-0.38,2024,7,0.0,0,0,0.0,25.2,96.0,NARE CP,11.169
2024-07-31,-0.35,-0.11,0.01,0.22,0.35,0.4,0.22,-0.07,-0.27,-0.38,2024,7,0.0,0,0,0.0,26.0,98.0,NARE CP,10.957
2024-08-01,-0.35,-0.11,0.01,0.22,0.35,0.4,0.22,-0.07,-0.27,-0.38,2024,8,-0.1,0,0,0.0,25.4,98.0,NARE CP,10.59
2024-08-02,-0.54,-0.11,0.0,0.34,0.56,0.62,0.34,-0.12,-0.44,-0.62,2024,8,-0.1,0,0,20.3,26.8,98.0,NARE CP,9.95
2024-08-03,-0.54,-0.11,0.0,0.34,0.56,0.62,0.34,-0.12,-0.44,-0.62,2024,8,-0.1,0,0,2.3,24.8,97.0,NARE CP,11.781
2024-08-04,-0.54,-0.11,0.0,0.34,0.56,0.62,0.34,-0.12,-0.44,-0.62,2024,8,-0.1,0,0,9.3,25.0,98.0,NARE CP,10.831
2024-08-05,-0.54,-0.11,0.0,0.34,0.56,0.62,0.34,-0.12,-0.44,-0.62,2024,8,-0.1,0,0,19.8,26.0,98.0,NARE CP,16.159
2024-08-06,-0.54,-0.11,0.0,0.34,0.56,0.62,0.34,-0.12,-0.44,-0.62,2024,8,-0.1,0,0,40.4,25.0,96.0,NARE CP,32.29
2024-08-07,-1.34,-0.76,-0.31,0.3,0.83,1.23,1.05,0.31,-0.38,-1.01,2024,8,-0.1,0,0,0.0,24.0,96.0,NARE CP,25.541
2024-08-08,-1.34,-0.76,-0.31,0.3,0.83,1.23,1.05,0.31,-0.38,-1.01,2024,8,-0.1,0,0,9.3,24.6,98.0,NARE CP,15.233
2024-08-09,-1.34,-0.76,-0.31,0.3,0.83,1.23,1.05,0.31,-0.38,-1.01,2024,8,-0.1,0,0,19.8,24.8,98.0,NARE CP,14.778
2024-08-10,-1.34,-0.76,-0.31,0.3,0.83,1.23,1.05,0.31,-0.38,-1.01,2024,8,-0.1,0,0,10.3,25.6,98.0,NARE CP,15.013
2024-08-11,-1.34,-0.76,-0.31,0.3,0.83,1.23,1.05,0.31,-0.38,-1.01,2024,8,-0.1,0,0,3.2,25.0,98.0,NARE CP,13.745
2024-08-12,-2.05,-1.86,-1.23,-0.44,0.48,1.5,1.96,1.29,0.29,-0.9,2024,8,-0.1,0,0,16.65,26.8,98.0,NARE CP,13.2
2024-08-13,-2.05,-1.86,-1.23,-0.44,0.48,1.5,1.96,1.29,0.29,-0.9,2024,8,-0.1,0,0,0.0,25.0,98.0,NARE CP,24.098
2024-08-14,-2.05,-1.86,-1.23,-0.44,0.48,1.5,1.96,1.29,0.29,-0.9,2024,8,-0.1,0,0,0.0,26.0,98.0,NARE CP,14.702
2024-08-15,-2.05,-1.86,-1.23,-0.44,0.48,1.5,1.96,1.29,0.29,-0.9,2024,8,-0.1,0,0,20.9,27.0,96.43,NARE CP,12.408
2024-08-16,-2.05,-1.86,-1.23,-0.44,0.48,1.5,1.96,1.29,0.29,-0.9,2024,8,-0.1,0,0,30.05,26.2,98.0,NARE CP,12.079
2024-08-17,-1.05,-1.51,-1.2,-0.96,-0.43,0.41,1.25,1.32,0.88,0.09,2024,8,-0.1,0,0,0.0,26.4,98.0,NARE CP,12.439
2024-08-18,-1.05,-1.51,-1.2,-0.96,-0.43,0.41,1.25,1.32,0.88,0.09,2024,8,-0.1,0,0,0.0,26.6,98.0,NARE CP,11.464
2024-08-19,-1.05,-1.51,-1.2,-0.96,-0.43,0.41,1.25,1.32,0.88,0.09,2024,8,-0.1,0,0,5.35,26.4,98.0,NARE CP,10.958
2024-08-20,-1.05,-1.51,-1.2,-0.96,-0.43,0.41,1.25,1.32,0.88,0.09,2024,8,-0.1,0,0,2.5,26.8,96.43,NARE CP,10.58
2024-08-21,-1.05,-1.51,-1.2,-0.96,-0.43,0.41,1.25,1.32,0.88,0.09,2024,8,-0.1,0,0,13.6,26.0,98.0,NARE CP,10.27
2024-08-22,0.02,-1.33,-1.4,-1.76,-1.61,-0.82,0.63,1.61,1.78,1.35,2024,8,-0.1,0,0,12.8,26.2,98.0,NARE CP,12.297
2024-08-23,0.02,-1.33,-1.4,-1.76,-1.61,-0.82,0.63,1.61,1.78,1.35,2024,8,-0.1,0,0,88.1,25.0,94.0,NARE CP,15.816
2024-08-24,0.02,-1.33,-1.4,-1.76,-1.61,-0.82,0.63,1.61,1.78,1.35,2024,8,-0.1,0,0,22.8,26.6,98.0,NARE CP,18.002
2024-08-25,0.02,-1.33,-1.4,-1.76,-1.61,-0.82,0.63,1.61,1.78,1.35,2024,8,-0.1,0,0,0.0,24.4,98.0,NARE CP,16.379
2024-08-26,0.02,-1.33,-1.4,-1.76,-1.61,-0.82,0.63,1.61,1.78,1.35,2024,8,-0.1,0,0,0.0,25.6,98.0,NARE CP,13.031
2024-08-27,0.23,-1.08,-1.11,-1.62,-1.61,-1.01,0.32,1.37,1.67,1.39,2024,8,-0.1,0,0,0.0,25.8,98.0,NARE CP,11.641
2024-08-28,0.23,-1.08,-1.11,-1.62,-1.61,-1.01,0.32,1.37,1.67,1.39,2024,8,-0.1,0,0,7.4,27.4,96.43,NARE CP,11.105
2024-08-29,0.23,-1.08,-1.11,-1.62,-1.61,-1.01,0.32,1.37,1.67,1.39,2024,8,-0.1,0,0,0.0,26.6,95.0,NARE CP,12.761
2024-08-30,0.23,-1.08,-1.11,-1.62,-1.61,-1.01,0.32,1.37,1.67,1.39,2024,8,-0.1,0,0,0.0,25.0,98.0,NARE CP,11.089
2024-08-31,0.23,-1.08,-1.11,-1.62,-1.61,-1.01,0.32,1.37,1.67,1.39,2024,8,-0.1,0,0,35.45,26.2,98.0,NARE CP,10.035
2024-09-01,0.61,-0.59,-0.64,-1.28,-1.5,-1.2,-0.14,0.91,1.4,1.41,2024,9,-0.2,0,0,7.1,26.4,96.43,NARE CP,15.485
2024-09-02,0.61,-0.59,-0.64,-1.28,-1.5,-1.2,-0.14,0.91,1.4,1.41,2024,9,-0.2,0,0,58.9,26.8,96.43,NARE CP,18.166
2024-09-03,0.61,-0.59,-0.64,-1.28,-1.5,-1.2,-0.14,0.91,1.4,1.41,2024,9,-0.2,0,0,11.3,25.4,96.43,NARE CP,14.549
2024-09-04,0.61,-0.59,-0.64,-1.28,-1.5,-1.2,-0.14,0.91,1.4,1.41,2024,9,-0.2,0,0,47.5,27.0,96.43,NARE CP,13.007
2024-09-05,0.61,-0.59,-0.64,-1.28,-1.5,-1.2,-0.14,0.91,1.4,1.41,2024,9,-0.2,0,0,0.0,26.6,96.43,NARE CP,22.724
2024-09-06,1.3,-0.26,-0.68,-1.58,-2.01,-1.86,-0.62,0.86,1.7,1.99,2024,9,-0.2,0,0,25.85,26.4,96.43,NARE CP,13.554
2024-09-07,1.3,-0.26,-0.68,-1.58,-2.01,-1.86,-0.62,0.86,1.7,1.99,2024,9,-0.2,0,0,0.0,25.4,96.43,NARE CP,13.56
2024-09-08,1.3,-0.26,-0.68,-1.58,-2.01,-1.86,-0.62,0.86,1.7,1.99,2024,9,-0.2,0,0,0.8,26.6,96.43,NARE CP,11.895
2024-09-09,1.3,-0.26,-0.68,-1.58,-2.01,-1.86,-0.62,0.86,1.7,1.99,2024,9,-0.2,0,0,12.3,26.8,96.43,NARE CP,10.955
2024-09-10,1.3,-0.26,-0.68,-1.58,-2.01,-1.86,-0.62,0.86,1.7,1.99,2024,9,-0.2,0,0,5.55,25.6,96.43,NARE CP,10.526
2024-09-11,0.79,-0.79,-1.0,-1.8,-2.03,-1.58,-0.12,1.27,1.88,1.86,2024,9,-0.2,0,0,5.3,26.8,96.43,NARE CP,10.152
2024-09-12,0.79,-0.79,-1.0,-1.8,-2.03,-1.58,-0.12,1.27,1.88,1.86,2024,9,-0.2,0,0,9.4,25.6,96.43,NARE CP,10.525
2024-09-13,0.79,-0.79,-1.0,-1.8,-2.03,-1.58,-0.12,1.27,1.88,1.86,2024,9,-0.2,0,0,0.0,26.8,96.43,NARE CP,12.139
2024-09-14,0.79,-0.79,-1.0,-1.8,-2.03,-1.58,-0.12,1.27,1.88,1.86,2024,9,-0.2,0,0,11.4,27.0,96.43,NARE CP,10.153
2024-09-15,0.79,-0.79,-1.0,-1.8,-2.03,-1.58,-0.12,1.27,1.88,1.86,2024,9,-0.2,0,0,5.0,28.0,96.43,NARE CP,9.709
2024-09-16,0.55,0.25,0.24,-0.16,-0.47,-0.66,-0.54,-0.15,0.21,0.49,2024,9,-0.2,0,0,40.3,27.2,96.43,NARE CP,9.751
2024-09-17,0.55,0.25,0.24,-0.16,-0.47,-0.66,-0.54,-0.15,0.21,0.49,2024,9,-0.2,0,0,0.0,26.4,96.43,NARE CP,14.285
2024-09-18,0.55,0.25,0.24,-0.16,-0.47,-0.66,-0.54,-0.15,0.21,0.49,2024,9,-0.2,0,0,0.0,28.2,96.43,NARE CP,10.006
2024-09-19,0.55,0.25,0.24,-0.16,-0.47,-0.66,-0.54,-0.15,0.21,0.49,2024,9,-0.2,0,0,16.6,25.8,96.43,NARE CP,9.346
2024-09-20,0.55,0.25,0.24,-0.16,-0.47,-0.66,-0.54,-0.15,0.21,0.49,2024,9,-0.2,0,0,19.3,26.0,96.43,NARE CP,10.085
2024-09-21,-0.53,-0.25,-0.15,0.16,0.4,0.54,0.41,0.05,-0.25,-0.48,2024,9,-0.2,0,0,60.1,26.4,96.43,NARE CP,16.445
2024-09-22,-0.53,-0.25,-0.15,0.16,0.4,0.54,0.41,0.05,-0.25,-0.48,2024,9,-0.2,0,0,27.8,25.2,96.43,NARE CP,12.756
2024-09-23,-0.53,-0.25,-0.15,0.16,0.4,0.54,0.41,0.05,-0.25,-0.48,2024,9,-0.2,0,0,0.0,26.2,96.43,NARE CP,12.738
2024-09-24,-0.53,-0.25,-0.15,0.16,0.4,0.54,0.41,0.05,-0.25,-0.48,2024,9,-0.2,0,0,9.4,26.6,96.43,NARE CP,10.969
2024-09-25,-0.53,-0.25,-0.15,0.16,0.4,0.54,0.41,0.05,-0.25,-0.48,2024,9,-0.2,0,0,31.45,25.8,96.43,NARE CP,11.948
2024-09-26,-1.27,-0.97,-0.71,-0.11,0.49,1.06,1.19,0.64,-0.03,-0.73,2024,9,-0.2,0,0,0.0,25.0,96.43,NARE CP,13.594
2024-09-27,-1.27,-0.97,-0.71,-0.11,0.49,1.06,1.19,0.64,-0.03,-0.73,2024,9,-0.2,0,0,1.0,25.6,96.43,NARE CP,12.972
2024-09-28,-1.27,-0.97,-0.71,-0.11,0.49,1.06,1.19,0.64,-0.03,-0.73,2024,9,-0.2,0,0,20.85,26.0,96.43,NARE CP,11.481
2024-09-29,-1.27,-0.97,-0.71,-0.11,0.49,1.06,1.19,0.64,-0.03,-0.73,2024,9,-0.2,0,0,3.5,27.0,96.43,NARE CP,12.379
2024-09-30,-1.27,-0.97,-0.71,-0.11,0.49,1.06,1.19,0.64,-0.03,-0.73,2024,9,-0.2,0,0,13.1,24.6,96.43,NARE CP,14.261
2024-10-01,-0.82,-1.61,-1.4,-1.33,-0.86,0.05,1.19,1.58,1.29,0.52,2024,10,-0.3,0,0,15.9,25.0,96.43,NARE CP,14.767
2024-10-02,-0.82,-1.61,-1.4,-1.33,-0.86,0.05,1.19,1.58,1.29,0.52,2024,10,-0.3,0,0,1.3,24.0,96.43,NARE CP,14.549
2024-10-03,-0.82,-1.61,-1.4,-1.33,-0.86,0.05,1.19,1.58,1.29,0.52,2024,10,-0.3,0,0,0.0,26.0,96.43,NARE CP,12.017
2024-10-04,-0.82,-1.61,-1.4,-1.33,-0.86,0.05,1.19,1.58,1.29,0.52,2024,10,-0.3,0,0,6.4,26.2,96.43,NARE CP,11.268
2024-10-05,-0.82,-1.61,-1.4,-1.33,-0.86,0.05,1.19,1.58,1.29,0.52,2024,10,-0.3,0,0,1.6,26.0,96.43,NARE CP,19.936
2024-10-06,-0.1,-1.4,-1.43,-1.7,-1.49,-0.67,0.74,1.63,1.73,1.25,2024,10,-0.3,0,0,0.0,24.0,96.43,NARE CP,16.95
2024-10-07,-0.1,-1.4,-1.43,-1.7,-1.49,-0.67,0.74,1.63,1.73,1.25,2024,10,-0.3,0,0,27.3,24.6,96.43,NARE CP,16.22
2024-10-08,-0.1,-1.4,-1.43,-1.7,-1.49,-0.67,0.74,1.63,1.73,1.25,2024,10,-0.3,0,0,31.3,22.6,96.43,NARE CP,17.301
2024-10-09,-0.1,-1.4,-1.43,-1.7,-1.49,-0.67,0.74,1.63,1.73,1.25,2024,10,-0.3,0,0,24.3,24.4,96.43,NARE CP,17.47
2024-10-10,-0.1,-1.4,-1.43,-1.7,-1.49,-0.67,0.74,1.63,1.73,1.25,2024,10,-0.3,0,0,0.5,24.0,96.43,NARE CP,19.212
2024-10-11,0.28,-1.5,-1.71,-2.22,-2.1,-1.21,0.6,1.93,2.26,1.85,2024,10,-0.3,0,0,5.9,25.6,96.43,NARE CP,16.07
2024-10-12,0.28,-1.5,-1.71,-2.22,-2.1,-1.21,0.6,1.93,2.26,1.85,2024,10,-0.3,0,0,23.95,26.4,96.43,NARE CP,13.337
2024-10-13,0.28,-1.5,-1.71,-2.22,-2.1,-1.21,0.6,1.93,2.26,1.85,2024,10,-0.3,0,0,2.15,26.8,96.43,NARE CP,13.867
2024-10-14,0.28,-1.5,-1.71,-2.22,-2.1,-1.21,0.6,1.93,2.26,1.85,2024,10,-0.3,0,0,19.05,26.6,96.43,NARE CP,12.068
2024-10-15,0.28,-1.5,-1.71,-2.22,-2.1,-1.21,0.6,1.93,2.26,1.85,2024,10,-0.3,0,0,16.3,24.2,96.43,NARE CP,11.886
2024-10-16,1.77,-0.46,-0.99,-2.27,-2.85,-2.58,-0.77,1.32,2.46,2.82,2024,10,-0.3,0,0,11.0,25.4,96.43,NARE CP,10.962
2024-10-17,1.77,-0.46,-0.99,-2.27,-2.85,-2.58,-0.77,1.32,2.46,2.82,2024,10,-0.3,0,0,1.3,25.6,96.43,NARE CP,12.2
2024-10-18,1.77,-0.46,-0.99,-2.27,-2.85,-2.58,-0.77,1.32,2.46,2.82,2024,10,-0.3,0,0,32.9,26.0,96.43,NARE CP,11.008
2024-10-19,1.77,-0.46,-0.99,-2.27,-2.85,-2.58,-0.77,1.32,2.46,2.82,2024,10,-0.3,0,0,4.0,26.4,96.43,NARE CP,11.161
2024-10-20,1.77,-0.46,-0.99,-2.27,-2.85,-2.58,-0.77,1.32,2.46,2.82,2024,10,-0.3,0,0,14.05,26.8,96.43,NARE CP,13.785
2024-10-21,2.25,0.95,0.59,-0.79,-1.83,-2.45,-1.83,-0.22,1.11,2.1,2024,10,-0.3,0,0,4.15,26.0,96.43,NARE CP,22.879
2024-10-22,2.25,0.95,0.59,-0.79,-1.83,-2.45,-1.83,-0.22,1.11,2.1,2024,10,-0.3,0,0,2.45,23.0,96.43,NARE CP,21.913
2024-10-23,2.25,0.95,0.59,-0.79,-1.83,-2.45,-1.83,-0.22,1.11,2.1,2024,10,-0.3,0,0,41.8,25.0,96.43,NARE CP,20.939
2024-10-24,2.25,0.95,0.59,-0.79,-1.83,-2.45,-1.83,-0.22,1.11,2.1,2024,10,-0.3,0,0,9.8,25.4,96.43,NARE CP,17.972
2024-10-25,2.25,0.95,0.59,-0.79,-1.83,-2.45,-1.83,-0.22,1.11,2.1,2024,10,-0.3,0,0,1.75,27.0,96.43,NARE CP,15.949
2024-10-26,0.68,1.27,1.35,1.1,0.59,-0.22,-1.12,-1.31,-0.99,-0.33,2024,10,-0.3,0,0,5.0,26.4,96.43,NARE CP,14.555
2024-10-27,0.68,1.27,1.35,1.1,0.59,-0.22,-1.12,-1.31,-0.99,-0.33,2024,10,-0.3,0,0,3.4,25.6,96.43,NARE CP,14.749
2024-10-28,0.68,1.27,1.35,1.1,0.59,-0.22,-1.12,-1.31,-0.99,-0.33,2024,10,-0.3,0,0,0.0,25.6,96.43,NARE CP,12.947
2024-10-29,0.68,1.27,1.35,1.1,0.59,-0.22,-1.12,-1.31,-0.99,-0.33,2024,10,-0.3,0,0,0.0,25.0,96.43,NARE CP,11.941
2024-10-30,0.68,1.27,1.35,1.1,0.59,-0.22,-1.12,-1.31,-0.99,-0.33,2024,10,-0.3,0,0,22.25,25.6,96.43,NARE CP,12.236
2024-10-31,-0.41,0.45,0.59,0.95,1.03,0.76,0.0,-0.71,-1.01,-0.98,2024,10,-0.3,0,0,18.15,25.0,96.43,NARE CP,15.136
2024-11-01,-0.41,0.45,0.59,0.95,1.03,0.76,0.0,-0.71,-1.01,-0.98,2024,11,-0.4,0,0,23.15,24.6,96.43,NARE CP,13.102
2024-11-02,-0.41,0.45,0.59,0.95,1.03,0.76,0.0,-0.71,-1.01,-0.98,2024,11,-0.4,0,0,13.8,25.6,96.43,NARE CP,12.646
2024-11-03,-0.41,0.45,0.59,0.95,1.03,0.76,0.0,-0.71,-1.01,-0.98,2024,11,-0.4,0,0,13.8,25.0,96.43,NARE CP,12.343
2024-11-04,-0.41,0.45,0.59,0.95,1.03,0.76,0.0,-0.71,-1.01,-0.98,2024,11,-0.4,0,0,10.9,24.6,96.43,NARE CP,16.582
2024-11-05,-1.01,-0.57,-0.38,0.15,0.61,0.96,0.86,0.28,-0.28,-0.78,2024,11,-0.4,0,0,11.3,25.8,96.43,NARE CP,19.392
2024-11-06,-1.01,-0.57,-0.38,0.15,0.61,0.96,0.86,0.28,-0.28,-0.78,2024,11,-0.4,0,0,0.0,24.8,96.43,NARE CP,16.59
2024-11-07,-1.01,-0.57,-0.38,0.15,0.61,0.96,0.86,0.28,-0.28,-0.78,2024,11,-0.4,0,0,5.2,24.0,96.43,NARE CP,14.804
2024-11-08,-1.01,-0.57,-0.38,0.15,0.61,0.96,0.86,0.28,-0.28,-0.78,2024,11,-0.4,0,0,37.3,22.6,96.43,NARE CP,21.685
2024-11-09,-1.01,-0.57,-0.38,0.15,0.61,0.96,0.86,0.28,-0.28,-0.78,2024,11,-0.4,0,0,34.3,24.8,96.43,NARE CP,20.404
2024-11-10,-0.6,-0.73,-0.63,-0.4,-0.07,0.36,0.71,0.64,0.35,-0.08,2024,11,-0.4,0,0,7.3,23.8,96.43,NARE CP,27.384
2024-11-11,-0.6,-0.73,-0.63,-0.4,-0.07,0.36,0.71,0.64,0.35,-0.08,2024,11,-0.4,0,0,18.9,23.0,96.43,NARE CP,25.117
2024-11-12,-0.6,-0.73,-0.63,-0.4,-0.07,0.36,0.71,0.64,0.35,-0.08,2024,11,-0.4,0,0,24.8,24.0,96.43,NARE CP,22.932
2024-11-13,-0.6,-0.73,-0.63,-0.4,-0.07,0.36,0.71,0.64,0.35,-0.08,2024,11,-0.4,0,0,7.35,24.4,96.43,NARE CP,27.196
2024-11-14,-0.6,-0.73,-0.63,-0.4,-0.07,0.36,0.71,0.64,0.35,-0.08,2024,11,-0.4,0,0,22.9,23.0,96.43,NARE CP,28.558
2024-11-15,-1.31,-2.07,-1.98,-1.54,-0.72,0.54,1.82,1.97,1.36,0.28,2024,11,-0.4,0,0,3.0,22.8,96.43,NARE CP,28.461
2024-11-16,-1.31,-2.07,-1.98,-1.54,-0.72,0.54,1.82,1.97,1.36,0.28,2024,11,-0.4,0,0,2.0,22.0,96.43,NARE CP,21.563
2024-11-17,-1.31,-2.07,-1.98,-1.54,-0.72,0.54,1.82,1.97,1.36,0.28,2024,11,-0.4,0,0,0.0,25.0,96.43,NARE CP,19.413
2024-11-18,-1.31,-2.07,-1.98,-1.54,-0.72,0.54,1.82,1.97,1.36,0.28,2024,11,-0.4,0,0,0.6,24.6,96.43,NARE CP,16.627
2024-11-19,-1.31,-2.07,-1.98,-1.54,-0.72,0.54,1.82,1.97,1.36,0.28,2024,11,-0.4,0,0,4.45,24.0,96.43,NARE CP,19.517
2024-11-20,-0.87,-2.14,-2.13,-2.01,-1.36,-0.07,1.59,2.22,1.9,0.92,2024,11,-0.4,0,0,17.3,23.6,96.43,NARE CP,20.444
2024-11-21,-0.87,-2.14,-2.13,-2.01,-1.36,-0.07,1.59,2.22,1.9,0.92,2024,11,-0.4,0,0,21.8,24.6,96.43,NARE CP,27.497
2024-11-22,-0.87,-2.14,-2.13,-2.01,-1.36,-0.07,1.59,2.22,1.9,0.92,2024,11,-0.4,0,0,11.8,23.0,96.43,NARE CP,21.319
2024-11-23,-0.87,-2.14,-2.13,-2.01,-1.36,-0.07,1.59,2.22,1.9,0.92,2024,11,-0.4,0,0,13.45,25.2,96.43,NARE CP,22.649
2024-11-24,-0.87,-2.14,-2.13,-2.01,-1.36,-0.07,1.59,2.22,1.9,0.92,2024,11,-0.4,0,0,18.3,25.0,96.43,NARE CP,19.909
2024-11-25,0.53,-1.59,-1.87,-2.57,-2.52,-1.58,0.51,2.14,2.64,2.26,2024,11,-0.4,0,0,3.8,25.8,96.43,NARE CP,16.752
2024-11-26,0.53,-1.59,-1.87,-2.57,-2.52,-1.58,0.51,2.14,2.64,2.26,2024,11,-0.4,0,0,24.45,27.0,96.43,NARE CP,15.883
2024-11-27,0.53,-1.59,-1.87,-2.57,-2.52,-1.58,0.51,2.14,2.64,2.26,2024,11,-0.4,0,0,24.8,24.8,96.43,NARE CP,17.319
2024-11-28,0.53,-1.59,-1.87,-2.57,-2.52,-1.58,0.51,2.14,2.64,2.26,2024,11,-0.4,0,0,5.15,25.4,96.43,NARE CP,15.978
2024-11-29,0.53,-1.59,-1.87,-2.57,-2.52,-1.58,0.51,2.14,2.64,2.26,2024,11,-0.4,0,0,1.0,25.6,96.43,NARE CP,17.072
2024-11-30,1.4,-0.35,-0.78,-1.73,-2.18,-1.99,-0.61,1.0,1.9,2.2,2024,11,-0.4,0,0,0.8,26.4,96.43,NARE CP,14.595
2024-12-01,1.4,-0.35,-0.78,-1.73,-2.18,-1.99,-0.61,1.0,1.9,2.2,2024,12,-0.5,0,0,7.9,25.8,96.43,NARE CP,14.892
2024-12-02,1.4,-0.35,-0.78,-1.73,-2.18,-1.99,-0.61,1.0,1.9,2.2,2024,12,-0.5,0,0,0.0,26.4,96.43,NARE CP,14.075
2024-12-03,1.4,-0.35,-0.78,-1.73,-2.18,-1.99,-0.61,1.0,1.9,2.2,2024,12,-0.5,0,0,6.5,25.6,96.43,NARE CP,13.214
2024-12-04,1.4,-0.35,-0.78,-1.73,-2.18,-1.99,-0.61,1.0,1.9,2.2,2024,12,-0.5,0,0,0.0,24.4,96.43,NARE CP,13.251
2024-12-05,1.42,-0.04,-0.41,-1.37,-1.9,-1.89,-0.82,0.64,1.54,1.95,2024,12,-0.5,0,1,0.0,26.0,96.43,NARE CP,12.814
2024-12-06,1.42,-0.04,-0.41,-1.37,-1.9,-1.89,-0.82,0.64,1.54,1.95,2024,12,-0.5,0,1,0.0,26.2,96.43,NARE CP,12.487
2024-12-07,1.42,-0.04,-0.41,-1.37,-1.9,-1.89,-0.82,0.64,1.54,1.95,2024,12,-0.5,0,1,0.0,24.6,96.43,NARE CP,12.185
2024-12-08,1.42,-0.04,-0.41,-1.37,-1.9,-1.89,-0.82,0.64,1.54,1.95,2024,12,-0.5,0,1,0.0,25.0,96.43,NARE CP,11.753
2024-12-09,1.42,-0.04,-0.41,-1.37,-1.9,-1.89,-0.82,0.64,1.54,1.95,2024,12,-0.5,0,1,8.8,25.6,96.43,NARE CP,11.589
2024-12-10,1.76,1.07,0.75,-0.22,-1.07,-1.74,-1.61,-0.58,0.42,1.32,2024,12,-0.5,0,1,0.0,26.6,96.43,NARE CP,11.677
2024-12-11,1.76,1.07,0.75,-0.22,-1.07,-1.74,-1.61,-0.58,0.42,1.32,2024,12,-0.5,0,1,1.55,25.0,96.43,NARE CP,11.373
2024-12-12,1.76,1.07,0.75,-0.22,-1.07,-1.74,-1.61,-0.58,0.42,1.32,2024,12,-0.5,0,1,0.0,24.4,96.43,NARE CP,11.089
2024-12-13,1.76,1.07,0.75,-0.22,-1.07,-1.74,-1.61,-0.58,0.42,1.32,2024,12,-0.5,0,1,0.0,24.8,96.43,NARE CP,10.788
2024-12-14,1.76,1.07,0.75,-0.22,-1.07,-1.74,-1.61,-0.58,0.42,1.32,2024,12,-0.5,0,1,4.5,23.8,96.43,NARE CP,10.675
2024-12-15,1.32,0.55,0.26,-0.51,-1.09,-1.43,-1.05,-0.13,0.64,1.23,2024,12,-0.5,0,1,3.3,23.0,96.43,NARE CP,14.595
2024-12-16,1.32,0.55,0.26,-0.51,-1.09,-1.43,-1.05,-0.13,0.64,1.23,2024,12,-0.5,0,1,13.55,23.2,96.43,NARE CP,14.074
2024-12-17,1.32,0.55,0.26,-0.51,-1.09,-1.43,-1.05,-0.13,0.64,1.23,2024,12,-0.5,0,1,2.8,25.0,96.43,NARE CP,12.344
2024-12-18,1.32,0.55,0.26,-0.51,-1.09,-1.43,-1.05,-0.13,0.64,1.23,2024,12,-0.5,0,1,28.5,26.2,96.43,NARE CP,11.869
2024-12-19,1.32,0.55,0.26,-0.51,-1.09,-1.43,-1.05,-0.13,0.64,1.23,2024,12,-0.5,0,1,2.8,24.4,96.43,NARE CP,11.365
2024-12-20,1.06,0.83,0.67,0.11,-0.44,-0.96,-1.08,-0.59,0.01,0.62,2024,12,-0.5,0,1,1.8,25.4,96.43,NARE CP,11.199
2024-12-21,1.06,0.83,0.67,0.11,-0.44,-0.96,-1.08,-0.59,0.01,0.62,2024,12,-0.5,0,1,43.3,23.6,96.43,NARE CP,11.826
2024-12-22,1.06,0.83,0.67,0.11,-0.44,-0.96,-1.08,-0.59,0.01,0.62,2024,12,-0.5,0,1,56.2,24.6,96.43,NARE CP,12.332
2024-12-23,1.06,0.83,0.67,0.11,-0.44,-0.96,-1.08,-0.59,0.01,0.62,2024,12,-0.5,0,1,45.3,26.0,96.43,NARE CP,17.248
2024-12-24,1.06,0.83,0.67,0.11,-0.44,-0.96,-1.08,-0.59,0.01,0.62,2024,12,-0.5,0,1,0.0,25.2,96.43,NARE CP,13.944
2024-12-25,0.79,1.35,1.28,1.0,0.47,-0.36,-1.21,-1.33,-0.95,-0.26,2024,12,-0.5,0,1,4.5,25.6,96.43,NARE CP,13.326
2024-12-26,0.79,1.35,1.28,1.0,0.47,-0.36,-1.21,-1.33,-0.95,-0.26,2024,12,-0.5,0,1,28.7,24.6,96.43,NARE CP,15.51
2024-12-27,0.79,1.35,1.28,1.0,0.47,-0.36,-1.21,-1.33,-0.95,-0.26,2024,12,-0.5,0,1,1.4,23.2,96.43,NARE CP,18.028
2024-12-28,0.79,1.35,1.28,1.0,0.47,-0.36,-1.21,-1.33,-0.95,-0.26,2024,12,-0.5,0,1,7.3,25.0,96.43,NARE CP,13.304
2024-12-29,0.79,1.35,1.28,1.0,0.47,-0.36,-1.21,-1.33,-0.95,-0.26,2024,12,-0.5,0,1,0.0,23.6,96.43,NARE CP,12.814
2024-12-30,0.79,1.35,1.28,1.0,0.47,-0.36,-1.21,-1.33,-0.95,-0.26,2024,12,-0.5,0,1,2.8,22.4,96.43,NARE CP,13.79
2024-12-31,0.79,1.35,1.28,1.0,0.47,-0.36,-1.21,-1.33,-0.95,-0.26,2024,12,-0.5,0,1,0.0,23.6,96.43,NARE CP,13.561
